priority_rank,sku,product_name,category,supplier,location_count,total_system_qty,total_physical_qty,total_quantity_variance,total_absolute_quantity_variance,unit_cost,inventory_value,adjustment_exposure,average_daily_demand,days_of_supply,reorder_point,safety_stock,lead_time_days,reorder_point_trigger,safety_stock_trigger,lead_time_trigger,materiality_flag,replenishment_tier,replenishment_reason,action_flag,priority_score
1,SKU0188,Maintenance Parts 0188,Maintenance Parts,Cedar Components,12,111,111,0,0,554.00,61494.00,8864.00,15.67,7.09,176,79,28,Y,N,Y,Y,High,High: total quantity <= reorder point and days of supply <= lead time,Y,81.03
2,SKU0208,Maintenance Parts 0208,Maintenance Parts,Cedar Components,12,0,0,0,0,364.00,0.00,5824.00,22.14,0.00,156,79,28,Y,Y,Y,Y,Critical,Critical: total physical quantity is zero or days of supply <= 0.25 lead time,Y,64.57
3,SKU0277,Fasteners 0277,Fasteners,Blue Ridge Supply,12,0,0,0,0,563.50,0.00,5071.50,22.50,0.00,159,76,31,Y,Y,Y,Y,Critical,Critical: total physical quantity is zero or days of supply <= 0.25 lead time,Y,60.75
4,SKU0007,Fasteners 0007,Fasteners,Blue Ridge Supply,12,0,0,0,0,428.50,0.00,3856.50,22.50,0.00,189,76,37,Y,Y,Y,Y,Critical,Critical: total physical quantity is zero or days of supply <= 0.25 lead time,Y,54.58
5,SKU0013,Safety Supplies 0013,Safety Supplies,Cedar Components,12,93,93,0,0,191.50,17809.50,3447.00,15.58,5.97,151,64,31,Y,N,Y,Y,Critical,Critical: total physical quantity is zero or days of supply <= 0.25 lead time,Y,52.80
6,SKU0044,Packaging 0044,Packaging,Harbor Safety,12,0,0,0,0,392.00,0.00,784.00,22.69,0.00,208,67,28,Y,Y,Y,Y,Critical,Critical: total physical quantity is zero or days of supply <= 0.25 lead time,Y,38.98
7,SKU0251,Industrial Supplies 0251,Industrial Supplies,Atlas Industrial,12,175,175,0,0,540.50,94587.50,0.00,15.58,11.23,217,58,37,Y,N,Y,Y,High,High: total quantity <= reorder point and days of supply <= lead time,Y,36.58
8,SKU0121,Industrial Supplies 0121,Industrial Supplies,Atlas Industrial,12,0,0,0,0,425.50,0.00,0.00,22.22,0.00,187,58,31,Y,Y,Y,Y,Critical,Critical: total physical quantity is zero or days of supply <= 0.25 lead time,Y,35.00
9,SKU0193,Safety Supplies 0193,Safety Supplies,Cedar Components,12,9949,9951,-2,2,118.10,1175213.10,2125.80,5.82,1710.77,63,15,5,N,N,N,Y,Watch,"Watch: total quantity or days-of-supply policy trigger, or material exposure",N,30.38
10,SKU0258,Maintenance Parts 0258,Maintenance Parts,Cedar Components,12,10116,10116,0,0,118.60,1199757.60,1897.60,5.37,1884.97,58,20,10,N,N,N,Y,Watch,"Watch: total quantity or days-of-supply policy trigger, or material exposure",N,29.63
11,SKU0128,Maintenance Parts 0128,Maintenance Parts,Cedar Components,12,9871,9871,0,0,117.60,1160829.60,1881.60,4.96,1991.91,68,10,18,N,N,N,Y,Watch,"Watch: total quantity or days-of-supply policy trigger, or material exposure",N,28.90
12,SKU0063,Safety Supplies 0063,Safety Supplies,Cedar Components,12,9906,9906,0,0,117.10,1159992.60,1873.60,5.25,1886.86,73,45,13,N,N,N,Y,Watch,"Watch: total quantity or days-of-supply policy trigger, or material exposure",N,28.85
13,SKU0259,Shipping Supplies 0259,Shipping Supplies,Harbor Safety,12,6864,6864,0,0,122.30,839467.20,2201.40,5.25,1307.43,69,25,17,N,N,N,Y,Watch,"Watch: total quantity or days-of-supply policy trigger, or material exposure",N,25.17
14,SKU0194,Packaging 0194,Packaging,Harbor Safety,12,6901,6901,0,0,121.80,840541.80,2192.40,5.63,1225.03,74,20,12,N,N,N,Y,Watch,"Watch: total quantity or days-of-supply policy trigger, or material exposure",N,25.14
15,SKU0064,Packaging 0064,Packaging,Harbor Safety,12,6946,6944,2,2,120.80,838835.20,2174.40,5.07,1370.53,84,10,20,N,N,N,Y,Watch,"Watch: total quantity or days-of-supply policy trigger, or material exposure",N,25.02
16,SKU0129,Shipping Supplies 0129,Shipping Supplies,Harbor Safety,12,6845,6845,0,0,121.30,830298.50,1940.80,5.62,1218.69,79,15,7,N,N,N,Y,Watch,"Watch: total quantity or days-of-supply policy trigger, or material exposure",N,23.69
17,SKU0257,Fasteners 0257,Fasteners,Blue Ridge Supply,12,9287,9287,0,0,114.90,1067076.30,919.20,5.71,1627.71,47,15,21,N,N,N,Y,Watch,"Watch: total quantity or days-of-supply policy trigger, or material exposure",N,22.45
18,SKU0127,Fasteners 0127,Fasteners,Blue Ridge Supply,12,9328,9328,0,0,113.90,1062459.20,911.20,5.29,1761.85,57,45,11,N,N,N,Y,Watch,"Watch: total quantity or days-of-supply policy trigger, or material exposure",N,22.34
19,SKU0062,Electrical Components 0062,Electrical Components,Blue Ridge Supply,12,9007,9007,0,0,113.40,1021393.80,1020.60,5.37,1678.32,62,40,6,N,N,N,Y,Watch,"Watch: total quantity or days-of-supply policy trigger, or material exposure",N,22.21
20,SKU0154,Packaging 0154,Packaging,Harbor Safety,12,8392,8390,2,2,93.80,786982.00,1688.40,5.57,1507.19,34,20,20,N,N,N,Y,Watch,"Watch: total quantity or days-of-supply policy trigger, or material exposure",N,21.69
21,SKU0284,Packaging 0284,Packaging,Harbor Safety,12,8240,8240,0,0,94.80,781152.00,1706.40,5.04,1633.48,24,30,12,N,N,N,Y,Watch,"Watch: total quantity or days-of-supply policy trigger, or material exposure",N,21.68
22,SKU0192,Electrical Components 0192,Electrical Components,Blue Ridge Supply,12,8919,8919,0,0,114.40,1020333.60,915.20,5.00,1783.80,52,10,16,N,N,N,Y,Watch,"Watch: total quantity or days-of-supply policy trigger, or material exposure",N,21.66
23,SKU0089,Shipping Supplies 0089,Shipping Supplies,Harbor Safety,12,8185,8185,0,0,93.30,763660.50,1679.40,5.71,1434.57,39,15,15,N,N,N,Y,Watch,"Watch: total quantity or days-of-supply policy trigger, or material exposure",N,21.26
24,SKU0249,Shipping Supplies 0249,Shipping Supplies,Harbor Safety,12,9285,9285,0,0,85.30,792010.50,1535.40,5.82,1596.28,39,15,19,N,N,N,Y,Watch,"Watch: total quantity or days-of-supply policy trigger, or material exposure",N,21.00
25,SKU0184,Packaging 0184,Packaging,Harbor Safety,12,9936,9936,0,0,84.80,842572.80,1356.80,4.96,2005.02,44,10,14,N,N,N,Y,Watch,"Watch: total quantity or days-of-supply policy trigger, or material exposure",N,20.93
26,SKU0219,Shipping Supplies 0219,Shipping Supplies,Harbor Safety,12,8290,8290,0,0,94.30,781747.00,1508.80,5.18,1599.36,29,25,7,N,N,N,Y,Watch,"Watch: total quantity or days-of-supply policy trigger, or material exposure",N,20.69
27,SKU0024,Packaging 0024,Packaging,Harbor Safety,12,8499,8499,0,0,92.80,788707.20,1484.80,5.00,1699.80,44,10,10,N,N,N,Y,Watch,"Watch: total quantity or days-of-supply policy trigger, or material exposure",N,20.69
28,SKU0054,Packaging 0054,Packaging,Harbor Safety,12,9692,9692,0,0,83.80,812189.60,1340.80,5.63,1720.47,54,40,4,N,N,N,Y,Watch,"Watch: total quantity or days-of-supply policy trigger, or material exposure",N,20.35
29,SKU0124,Packaging 0124,Packaging,Harbor Safety,12,6311,6311,0,0,102.80,648770.80,1850.40,4.93,1279.26,24,30,8,N,N,N,Y,Watch,"Watch: total quantity or days-of-supply policy trigger, or material exposure",N,20.21
30,SKU0097,Fasteners 0097,Fasteners,Blue Ridge Supply,12,7373,7373,0,0,122.90,906141.70,983.20,5.75,1282.26,47,15,17,N,N,N,Y,Watch,"Watch: total quantity or days-of-supply policy trigger, or material exposure",N,20.10
31,SKU0032,Electrical Components 0032,Electrical Components,Blue Ridge Supply,12,7084,7084,0,0,122.40,867081.60,1101.60,5.04,1404.32,52,10,12,N,N,N,Y,Watch,"Watch: total quantity or days-of-supply policy trigger, or material exposure",N,20.05
32,SKU0155,Tools 0155,Tools,Summit Packaging,12,9529,9529,0,0,97.50,929077.50,877.50,5.29,1799.81,45,25,9,N,N,N,Y,Watch,"Watch: total quantity or days-of-supply policy trigger, or material exposure",N,19.94
33,SKU0119,Shipping Supplies 0119,Shipping Supplies,Harbor Safety,12,9246,9246,0,0,84.30,779437.80,1348.80,5.25,1761.14,49,45,9,N,N,N,Y,Watch,"Watch: total quantity or days-of-supply policy trigger, or material exposure",N,19.84
34,SKU0189,Shipping Supplies 0189,Shipping Supplies,Harbor Safety,12,6628,6628,0,0,103.30,684672.40,1652.80,5.79,1143.85,99,35,13,N,N,N,Y,Watch,"Watch: total quantity or days-of-supply policy trigger, or material exposure",N,19.80
35,SKU0118,Maintenance Parts 0118,Maintenance Parts,Cedar Components,12,9215,9215,0,0,80.60,742729.00,1450.80,5.37,1717.08,38,40,20,N,N,N,Y,Watch,"Watch: total quantity or days-of-supply policy trigger, or material exposure",N,19.75
36,SKU0162,Electrical Components 0162,Electrical Components,Blue Ridge Supply,12,7156,7156,0,0,123.40,883050.40,987.20,5.46,1311.69,42,20,4,N,N,N,Y,Watch,"Watch: total quantity or days-of-supply policy trigger, or material exposure",N,19.73
37,SKU0218,Maintenance Parts 0218,Maintenance Parts,Cedar Components,12,7508,7508,0,0,90.60,680224.80,1630.80,5.46,1376.21,98,20,18,N,N,N,Y,Watch,"Watch: total quantity or days-of-supply policy trigger, or material exposure",N,19.62
38,SKU0183,Safety Supplies 0183,Safety Supplies,Cedar Components,12,9582,9582,0,0,81.10,777100.20,1297.60,5.29,1809.82,33,45,7,N,N,N,Y,Watch,"Watch: total quantity or days-of-supply policy trigger, or material exposure",N,19.54
39,SKU0227,Fasteners 0227,Fasteners,Blue Ridge Supply,12,7011,7011,0,0,123.90,868662.90,991.20,5.38,1302.35,37,25,9,N,N,N,Y,Watch,"Watch: total quantity or days-of-supply policy trigger, or material exposure",N,19.51
40,SKU0025,Tools 0025,Tools,Summit Packaging,12,9318,9317,1,1,96.50,899090.50,868.50,5.82,1601.78,55,15,17,N,N,N,Y,Watch,"Watch: total quantity or days-of-supply policy trigger, or material exposure",N,19.40
41,SKU0283,Safety Supplies 0283,Safety Supplies,Cedar Components,12,7287,7289,-2,2,91.10,664027.90,1639.80,5.38,1353.99,93,25,5,N,N,N,Y,Watch,"Watch: total quantity or days-of-supply policy trigger, or material exposure",N,19.39
42,SKU0285,Tools 0285,Tools,Summit Packaging,12,9372,9372,0,0,98.50,923142.00,788.00,5.71,1642.61,35,35,19,N,N,N,Y,Watch,"Watch: total quantity or days-of-supply policy trigger, or material exposure",N,19.39
43,SKU0254,Packaging 0254,Packaging,Harbor Safety,12,6301,6301,0,0,103.80,654043.80,1660.80,5.50,1145.64,94,40,18,N,N,N,Y,Watch,"Watch: total quantity or days-of-supply policy trigger, or material exposure",N,19.33
44,SKU0053,Safety Supplies 0053,Safety Supplies,Cedar Components,12,9601,9601,0,0,80.10,769040.10,1281.60,5.82,1650.60,43,35,15,N,N,N,Y,Watch,"Watch: total quantity or days-of-supply policy trigger, or material exposure",N,19.33
45,SKU0059,Shipping Supplies 0059,Shipping Supplies,Harbor Safety,12,6452,6452,0,0,102.30,660039.60,1636.80,5.38,1198.51,29,25,21,N,N,N,Y,Watch,"Watch: total quantity or days-of-supply policy trigger, or material exposure",N,19.31
46,SKU0248,Maintenance Parts 0248,Maintenance Parts,Cedar Components,12,9153,9153,0,0,81.60,746884.80,1305.60,5.00,1830.60,28,10,12,N,N,N,Y,Watch,"Watch: total quantity or days-of-supply policy trigger, or material exposure",N,19.08
47,SKU0220,Material Handling 0220,Material Handling,Summit Packaging,12,9023,9023,0,0,98.00,884254.00,784.00,5.00,1804.60,40,30,14,N,N,N,Y,Watch,"Watch: total quantity or days-of-supply policy trigger, or material exposure",N,18.72
48,SKU0224,Packaging 0224,Packaging,Harbor Safety,12,4404,4404,0,0,112.80,496771.20,2030.40,4.87,904.93,84,10,6,N,N,N,Y,Watch,"Watch: total quantity or days-of-supply policy trigger, or material exposure",N,18.59
49,SKU0088,Maintenance Parts 0088,Maintenance Parts,Cedar Components,12,7520,7520,0,0,89.60,673792.00,1433.60,5.04,1490.75,28,10,8,N,N,N,Y,Watch,"Watch: total quantity or days-of-supply policy trigger, or material exposure",N,18.51
50,SKU0090,Material Handling 0090,Material Handling,Summit Packaging,12,8953,8953,0,0,97.00,868441.00,776.00,5.37,1668.26,50,20,4,N,N,N,Y,Watch,"Watch: total quantity or days-of-supply policy trigger, or material exposure",N,18.42
51,SKU0058,Maintenance Parts 0058,Maintenance Parts,Cedar Components,12,5686,5686,0,0,98.60,560639.60,1774.80,5.50,1033.82,98,20,14,N,N,N,Y,Watch,"Watch: total quantity or days-of-supply policy trigger, or material exposure",N,18.36
52,SKU0023,Safety Supplies 0023,Safety Supplies,Cedar Components,12,7483,7483,0,0,89.10,666735.30,1425.60,5.18,1443.67,33,45,21,N,N,N,Y,Watch,"Watch: total quantity or days-of-supply policy trigger, or material exposure",N,18.35
53,SKU0253,Safety Supplies 0253,Safety Supplies,Cedar Components,12,5383,5383,0,0,100.10,538838.30,1801.80,5.68,947.16,83,35,11,N,N,N,Y,Watch,"Watch: total quantity or days-of-supply policy trigger, or material exposure",N,18.13
54,SKU0153,Safety Supplies 0153,Safety Supplies,Cedar Components,12,7182,7182,0,0,90.10,647098.20,1441.60,5.75,1249.04,23,15,13,N,N,N,Y,Watch,"Watch: total quantity or days-of-supply policy trigger, or material exposure",N,18.11
55,SKU0255,Tools 0255,Tools,Summit Packaging,12,7209,7209,0,0,107.50,774967.50,967.50,5.38,1339.13,25,45,7,N,N,N,Y,Watch,"Watch: total quantity or days-of-supply policy trigger, or material exposure",N,17.83
56,SKU0094,Packaging 0094,Packaging,Harbor Safety,12,4652,4652,0,0,111.80,520093.60,1788.80,5.54,839.04,94,40,14,N,N,N,Y,Watch,"Watch: total quantity or days-of-supply policy trigger, or material exposure",N,17.75
57,SKU0159,Shipping Supplies 0159,Shipping Supplies,Harbor Safety,12,4560,4560,0,0,112.30,512088.00,1796.80,5.32,857.68,89,45,19,N,N,N,Y,Watch,"Watch: total quantity or days-of-supply policy trigger, or material exposure",N,17.66
58,SKU0190,Material Handling 0190,Material Handling,Summit Packaging,12,7422,7422,0,0,107.00,794154.00,856.00,5.46,1360.45,30,40,20,N,N,N,Y,Watch,"Watch: total quantity or days-of-supply policy trigger, or material exposure",N,17.58
59,SKU0289,Shipping Supplies 0289,Shipping Supplies,Harbor Safety,12,4395,4395,0,0,113.30,497953.50,1812.80,5.88,747.03,79,15,11,N,N,N,Y,Watch,"Watch: total quantity or days-of-supply policy trigger, or material exposure",N,17.50
60,SKU0029,Shipping Supplies 0029,Shipping Supplies,Harbor Safety,12,4550,4550,0,0,111.30,506415.00,1780.80,5.68,800.59,99,35,9,N,N,N,Y,Watch,"Watch: total quantity or days-of-supply policy trigger, or material exposure",N,17.48
61,SKU0286,Consumables 0286,Consumables,Atlas Industrial,12,10136,10136,0,0,102.20,1035899.20,0.00,5.37,1888.70,46,40,8,N,N,N,Y,Routine,Routine: SKU-level quantity and supply policy triggers are not met,N,17.27
62,SKU0060,Material Handling 0060,Material Handling,Summit Packaging,12,7308,7308,0,0,106.00,774648.00,848.00,5.04,1448.72,40,30,10,N,N,N,Y,Watch,"Watch: total quantity or days-of-supply policy trigger, or material exposure",N,17.22
63,SKU0125,Tools 0125,Tools,Summit Packaging,12,7207,7207,0,0,106.50,767545.50,852.00,5.75,1253.39,35,35,15,N,N,N,Y,Watch,"Watch: total quantity or days-of-supply policy trigger, or material exposure",N,17.12
64,SKU0123,Safety Supplies 0123,Safety Supplies,Cedar Components,12,5429,5429,0,0,99.10,538013.90,1585.60,5.12,1061.04,93,25,19,N,N,N,Y,Watch,"Watch: total quantity or days-of-supply policy trigger, or material exposure",N,17.02
65,SKU0156,Consumables 0156,Consumables,Atlas Industrial,12,10077,10077,0,0,101.20,1019792.40,0.00,4.96,2033.48,56,30,16,N,N,N,Y,Routine,Routine: SKU-level quantity and supply policy triggers are not met,N,17.00
66,SKU0221,Industrial Supplies 0221,Industrial Supplies,Atlas Industrial,12,9987,9987,0,0,101.70,1015677.90,0.00,5.82,1716.96,51,35,21,N,N,N,Y,Routine,Routine: SKU-level quantity and supply policy triggers are not met,N,16.93
67,SKU0093,Safety Supplies 0093,Safety Supplies,Cedar Components,12,3842,3842,0,0,108.10,415320.20,1945.80,5.88,653.03,83,35,7,N,N,N,Y,Watch,"Watch: total quantity or days-of-supply policy trigger, or material exposure",N,16.80
68,SKU0026,Consumables 0026,Consumables,Atlas Industrial,12,10026,10026,0,0,100.20,1004605.20,0.00,5.63,1779.76,66,20,6,N,N,N,Y,Routine,Routine: SKU-level quantity and supply policy triggers are not met,N,16.75
69,SKU0091,Industrial Supplies 0091,Industrial Supplies,Atlas Industrial,12,9868,9868,0,0,100.70,993707.60,0.00,5.25,1879.62,61,25,11,N,N,N,Y,Routine,Routine: SKU-level quantity and supply policy triggers are not met,N,16.57
70,SKU0028,Maintenance Parts 0028,Maintenance Parts,Cedar Components,12,3650,3650,0,0,107.60,392740.00,1936.80,4.87,750.00,88,30,20,N,N,N,Y,Watch,"Watch: total quantity or days-of-supply policy trigger, or material exposure",N,16.38
71,SKU0290,Material Handling 0290,Material Handling,Summit Packaging,12,5565,5565,0,0,117.00,651105.00,1053.00,5.54,1003.71,90,20,18,N,N,N,Y,Watch,"Watch: total quantity or days-of-supply policy trigger, or material exposure",N,16.20
72,SKU0157,Fasteners 0157,Fasteners,Blue Ridge Supply,12,6276,6276,0,0,104.90,658352.40,944.10,5.62,1117.39,67,35,5,N,N,N,Y,Watch,"Watch: total quantity or days-of-supply policy trigger, or material exposure",N,15.77
73,SKU0223,Safety Supplies 0223,Safety Supplies,Cedar Components,12,3776,3776,0,0,109.10,411961.60,1745.60,5.21,725.38,73,45,17,N,N,N,Y,Watch,"Watch: total quantity or days-of-supply policy trigger, or material exposure",N,15.73
74,SKU0095,Tools 0095,Tools,Summit Packaging,12,5410,5410,0,0,115.50,624855.00,1039.50,5.12,1057.33,25,45,21,N,N,N,Y,Watch,"Watch: total quantity or days-of-supply policy trigger, or material exposure",N,15.69
75,SKU0222,Electrical Components 0222,Electrical Components,Blue Ridge Supply,12,6177,6177,0,0,105.40,651055.80,948.60,5.63,1096.51,62,40,10,N,N,N,Y,Watch,"Watch: total quantity or days-of-supply policy trigger, or material exposure",N,15.67
76,SKU0256,Consumables 0256,Consumables,Atlas Industrial,12,8417,8417,0,0,111.20,935970.40,0.00,5.04,1668.57,36,10,14,N,N,N,Y,Routine,Routine: SKU-level quantity and supply policy triggers are not met,N,15.60
77,SKU0287,Fasteners 0287,Fasteners,Blue Ridge Supply,12,6388,6388,0,0,105.90,676489.20,847.20,5.25,1216.76,57,45,15,N,N,N,Y,Watch,"Watch: total quantity or days-of-supply policy trigger, or material exposure",N,15.58
78,SKU0158,Maintenance Parts 0158,Maintenance Parts,Cedar Components,12,3636,3636,0,0,108.60,394869.60,1737.60,5.43,669.20,78,40,12,N,N,N,Y,Watch,"Watch: total quantity or days-of-supply policy trigger, or material exposure",N,15.40
79,SKU0126,Consumables 0126,Consumables,Atlas Industrial,12,8385,8385,0,0,110.20,924027.00,0.00,5.57,1506.29,46,40,4,N,N,N,Y,Routine,Routine: SKU-level quantity and supply policy triggers are not met,N,15.40
80,SKU0160,Material Handling 0160,Material Handling,Summit Packaging,12,5484,5484,0,0,116.00,636144.00,928.00,5.13,1068.31,20,10,8,N,N,N,Y,Watch,"Watch: total quantity or days-of-supply policy trigger, or material exposure",N,15.32
81,SKU0030,Material Handling 0030,Material Handling,Summit Packaging,12,5527,5527,0,0,115.00,635605.00,920.00,5.50,1004.91,30,40,16,N,N,N,Y,Watch,"Watch: total quantity or days-of-supply policy trigger, or material exposure",N,15.27
82,SKU0092,Electrical Components 0092,Electrical Components,Blue Ridge Supply,12,6330,6330,0,0,104.40,660852.00,835.20,5.07,1249.34,72,30,18,N,N,N,Y,Watch,"Watch: total quantity or days-of-supply policy trigger, or material exposure",N,15.26
83,SKU0288,Maintenance Parts 0288,Maintenance Parts,Cedar Components,12,3422,3422,0,0,109.60,375051.20,1753.60,5.07,675.39,68,10,4,N,N,N,Y,Watch,"Watch: total quantity or days-of-supply policy trigger, or material exposure",N,15.15
84,SKU0027,Fasteners 0027,Fasteners,Blue Ridge Supply,12,6133,6133,0,0,103.90,637218.70,831.20,5.21,1178.16,77,25,13,N,N,N,Y,Watch,"Watch: total quantity or days-of-supply policy trigger, or material exposure",N,14.84
85,SKU0191,Industrial Supplies 0191,Industrial Supplies,Atlas Industrial,12,8010,8010,0,0,110.70,886707.00,0.00,5.18,1545.34,41,45,9,N,N,N,Y,Routine,Routine: SKU-level quantity and supply policy triggers are not met,N,14.78
86,SKU0225,Tools 0225,Tools,Summit Packaging,12,5169,5169,0,0,116.50,602188.50,932.00,5.68,909.50,95,15,13,N,N,N,Y,Watch,"Watch: total quantity or days-of-supply policy trigger, or material exposure",N,14.77
87,SKU0247,Fasteners 0247,Fasteners,Blue Ridge Supply,12,8537,8537,0,0,77.90,665032.30,701.10,5.18,1647.01,97,45,5,N,N,N,Y,Watch,"Watch: total quantity or days-of-supply policy trigger, or material exposure",N,14.65
88,SKU0061,Industrial Supplies 0061,Industrial Supplies,Atlas Industrial,12,8005,8005,0,0,109.70,878148.50,0.00,5.71,1403.02,51,35,17,N,N,N,Y,Routine,Routine: SKU-level quantity and supply policy triggers are not met,N,14.64
89,SKU0052,Electrical Components 0052,Electrical Components,Blue Ridge Supply,12,8598,8598,0,0,76.40,656887.20,687.60,5.00,1719.60,32,30,8,N,N,N,Y,Watch,"Watch: total quantity or days-of-supply policy trigger, or material exposure",N,14.44
90,SKU0182,Electrical Components 0182,Electrical Components,Blue Ridge Supply,12,8521,8521,0,0,77.40,659525.40,619.20,5.57,1530.72,22,40,18,N,N,N,Y,Watch,"Watch: total quantity or days-of-supply policy trigger, or material exposure",N,14.14
91,SKU0117,Fasteners 0117,Fasteners,Blue Ridge Supply,12,8308,8308,0,0,76.90,638885.20,615.20,5.71,1456.12,27,35,13,N,N,N,Y,Watch,"Watch: total quantity or days-of-supply policy trigger, or material exposure",N,13.77
92,SKU0212,Electrical Components 0212,Electrical Components,Blue Ridge Supply,12,9318,9318,0,0,68.40,637351.20,615.60,4.96,1880.31,32,30,12,N,N,N,Y,Watch,"Watch: total quantity or days-of-supply policy trigger, or material exposure",N,13.75
93,SKU0087,Fasteners 0087,Fasteners,Blue Ridge Supply,12,6782,6782,0,0,85.90,582573.80,773.10,5.38,1259.81,97,45,19,N,N,N,N,Routine,Routine: SKU-level quantity and supply policy triggers are not met,N,13.64
94,SKU0217,Fasteners 0217,Fasteners,Blue Ridge Supply,12,6697,6697,0,0,86.90,581969.30,695.20,5.79,1155.76,87,15,11,N,N,N,N,Routine,Routine: SKU-level quantity and supply policy triggers are not met,N,13.23
95,SKU0161,Industrial Supplies 0161,Industrial Supplies,Atlas Industrial,12,6580,6580,0,0,119.70,787626.00,0.00,5.79,1135.57,31,15,15,N,N,N,Y,Routine,Routine: SKU-level quantity and supply policy triggers are not met,N,13.13
96,SKU0022,Electrical Components 0022,Electrical Components,Blue Ridge Supply,12,6468,6468,0,0,85.40,552367.20,768.60,5.46,1185.58,22,40,14,N,N,N,N,Routine,Routine: SKU-level quantity and supply policy triggers are not met,N,13.11
97,SKU0291,Industrial Supplies 0291,Industrial Supplies,Atlas Industrial,12,6485,6485,0,0,120.70,782739.50,0.00,5.12,1267.43,21,25,7,N,N,N,Y,Routine,Routine: SKU-level quantity and supply policy triggers are not met,N,13.05
98,SKU0082,Electrical Components 0082,Electrical Components,Blue Ridge Supply,12,9104,9104,0,0,67.40,613609.60,539.20,5.63,1616.09,42,20,20,N,N,N,N,Routine,Routine: SKU-level quantity and supply policy triggers are not met,N,12.97
99,SKU0147,Fasteners 0147,Fasteners,Blue Ridge Supply,12,8848,8848,0,0,67.90,600779.20,543.20,5.25,1685.33,37,25,7,N,N,N,N,Routine,Routine: SKU-level quantity and supply policy triggers are not met,N,12.77
100,SKU0031,Industrial Supplies 0031,Industrial Supplies,Atlas Industrial,12,6440,6440,0,0,118.70,764428.00,0.00,5.38,1196.28,41,45,5,N,N,N,Y,Routine,Routine: SKU-level quantity and supply policy triggers are not met,N,12.74
101,SKU0282,Electrical Components 0282,Electrical Components,Blue Ridge Supply,12,6266,6266,0,0,87.40,547648.40,699.20,5.50,1139.27,82,20,16,N,N,N,N,Routine,Routine: SKU-level quantity and supply policy triggers are not met,N,12.68
102,SKU0083,Safety Supplies 0083,Safety Supplies,Cedar Components,12,5182,5182,0,0,71.10,368440.20,1279.80,5.21,995.47,53,25,9,N,N,N,Y,Watch,"Watch: total quantity or days-of-supply policy trigger, or material exposure",N,12.64
103,SKU0144,Packaging 0144,Packaging,Harbor Safety,12,7832,7832,0,0,56.80,444857.60,1022.40,5.04,1552.60,84,10,4,N,N,N,Y,Watch,"Watch: total quantity or days-of-supply policy trigger, or material exposure",N,12.61
104,SKU0152,Electrical Components 0152,Electrical Components,Blue Ridge Supply,12,6312,6312,0,0,86.40,545356.80,691.20,4.93,1279.46,92,10,6,N,N,N,N,Routine,Routine: SKU-level quantity and supply policy triggers are not met,N,12.60
105,SKU0148,Maintenance Parts 0148,Maintenance Parts,Cedar Components,12,5009,5009,0,0,71.60,358644.40,1288.80,5.07,988.62,48,30,14,N,N,N,Y,Watch,"Watch: total quantity or days-of-supply policy trigger, or material exposure",N,12.52
106,SKU0185,Tools 0185,Tools,Summit Packaging,12,5733,5733,0,0,88.50,507370.50,796.50,5.62,1020.71,55,15,21,N,N,N,N,Routine,Routine: SKU-level quantity and supply policy triggers are not met,N,12.50
107,SKU0179,Shipping Supplies 0179,Shipping Supplies,Harbor Safety,12,5781,5781,0,0,66.30,383280.30,1193.40,5.12,1129.84,69,25,15,N,N,N,Y,Watch,"Watch: total quantity or days-of-supply policy trigger, or material exposure",N,12.45
108,SKU0017,Fasteners 0017,Fasteners,Blue Ridge Supply,12,8685,8685,0,0,66.90,581026.50,535.20,5.62,1546.29,47,15,15,N,N,N,N,Routine,Routine: SKU-level quantity and supply policy triggers are not met,N,12.40
109,SKU0274,Packaging 0274,Packaging,Harbor Safety,12,7998,7998,0,0,57.80,462284.40,924.80,5.46,1466.03,74,20,14,N,N,N,N,Routine,Routine: SKU-level quantity and supply policy triggers are not met,N,12.40
110,SKU0096,Consumables 0096,Consumables,Atlas Industrial,12,6218,6218,0,0,119.20,741185.60,0.00,4.93,1260.41,36,10,10,N,N,N,Y,Routine,Routine: SKU-level quantity and supply policy triggers are not met,N,12.36
111,SKU0226,Consumables 0226,Consumables,Atlas Industrial,12,6126,6126,0,0,120.20,736345.20,0.00,5.50,1113.82,26,20,20,N,N,N,Y,Routine,Routine: SKU-level quantity and supply policy triggers are not met,N,12.27
112,SKU0279,Shipping Supplies 0279,Shipping Supplies,Harbor Safety,12,4097,4095,2,2,76.30,312448.50,1373.40,5.21,786.66,49,45,13,N,N,N,Y,Watch,"Watch: total quantity or days-of-supply policy trigger, or material exposure",N,12.18
113,SKU0114,Packaging 0114,Packaging,Harbor Safety,12,5614,5614,0,0,65.80,369401.20,1184.40,5.50,1020.73,74,20,10,N,N,N,Y,Watch,"Watch: total quantity or days-of-supply policy trigger, or material exposure",N,12.17
114,SKU0213,Safety Supplies 0213,Safety Supplies,Cedar Components,12,5128,5128,0,0,72.10,369728.80,1153.60,5.62,913.00,43,35,19,N,N,N,Y,Watch,"Watch: total quantity or days-of-supply policy trigger, or material exposure",N,12.02
115,SKU0120,Material Handling 0120,Material Handling,Summit Packaging,12,5445,5445,0,0,88.00,479160.00,792.00,5.07,1074.67,60,10,16,N,N,N,N,Routine,Routine: SKU-level quantity and supply policy triggers are not met,N,12.01
116,SKU0278,Maintenance Parts 0278,Maintenance Parts,Cedar Components,12,5033,5033,0,0,72.60,365395.80,1161.60,5.63,893.43,38,40,6,N,N,N,Y,Watch,"Watch: total quantity or days-of-supply policy trigger, or material exposure",N,11.99
117,SKU0209,Shipping Supplies 0209,Shipping Supplies,Harbor Safety,12,7637,7637,0,0,57.30,437600.10,916.80,5.75,1328.17,79,15,9,N,N,N,N,Routine,Routine: SKU-level quantity and supply policy triggers are not met,N,11.95
118,SKU0014,Packaging 0014,Packaging,Harbor Safety,12,7931,7931,0,0,55.80,442549.80,892.80,5.57,1424.73,94,40,12,N,N,N,N,Routine,Routine: SKU-level quantity and supply policy triggers are not met,N,11.91
119,SKU0019,Shipping Supplies 0019,Shipping Supplies,Harbor Safety,12,4109,4109,0,0,74.30,305298.70,1337.40,5.32,772.85,69,25,11,N,N,N,Y,Watch,"Watch: total quantity or days-of-supply policy trigger, or material exposure",N,11.88
120,SKU0250,Material Handling 0250,Material Handling,Summit Packaging,12,5569,5569,0,0,89.00,495641.00,712.00,5.63,988.58,50,20,8,N,N,N,N,Routine,Routine: SKU-level quantity and supply policy triggers are not met,N,11.88
121,SKU0239,Shipping Supplies 0239,Shipping Supplies,Harbor Safety,12,9710,9710,0,0,48.30,468993.00,772.80,5.29,1834.00,89,45,21,N,N,N,N,Routine,Routine: SKU-level quantity and supply policy triggers are not met,N,11.74
122,SKU0244,Packaging 0244,Packaging,Harbor Safety,12,5659,5659,0,0,66.80,378021.20,1068.80,5.13,1102.40,64,30,20,N,N,N,Y,Watch,"Watch: total quantity or days-of-supply policy trigger, or material exposure",N,11.73
123,SKU0079,Shipping Supplies 0079,Shipping Supplies,Harbor Safety,12,7612,7612,0,0,56.30,428555.60,900.80,5.18,1468.55,89,45,17,N,N,N,N,Routine,Routine: SKU-level quantity and supply policy triggers are not met,N,11.72
124,SKU0018,Maintenance Parts 0018,Maintenance Parts,Cedar Components,12,5074,5074,0,0,70.60,358224.40,1129.60,5.43,933.87,58,20,4,N,N,N,Y,Watch,"Watch: total quantity or days-of-supply policy trigger, or material exposure",N,11.71
125,SKU0109,Shipping Supplies 0109,Shipping Supplies,Harbor Safety,12,9959,9959,0,0,47.30,471060.70,756.80,5.82,1712.15,99,35,11,N,N,N,N,Routine,Routine: SKU-level quantity and supply policy triggers are not met,N,11.69
126,SKU0187,Fasteners 0187,Fasteners,Blue Ridge Supply,12,4533,4533,0,0,95.90,434714.70,863.10,5.32,852.60,77,25,17,N,N,N,N,Routine,Routine: SKU-level quantity and supply policy triggers are not met,N,11.63
127,SKU0252,Electrical Components 0252,Electrical Components,Blue Ridge Supply,12,4796,4796,0,0,96.40,462334.40,771.20,4.87,985.48,72,30,4,N,N,N,Y,Watch,"Watch: total quantity or days-of-supply policy trigger, or material exposure",N,11.62
128,SKU0055,Tools 0055,Tools,Summit Packaging,12,5496,5496,0,0,87.50,480900.00,700.00,5.21,1055.80,65,45,11,N,N,N,N,Routine,Routine: SKU-level quantity and supply policy triggers are not met,N,11.57
129,SKU0049,Shipping Supplies 0049,Shipping Supplies,Harbor Safety,12,5688,5688,0,0,65.30,371426.40,1044.80,5.79,981.63,79,15,5,N,N,N,Y,Watch,"Watch: total quantity or days-of-supply policy trigger, or material exposure",N,11.50
130,SKU0210,Material Handling 0210,Material Handling,Summit Packaging,12,8502,8502,0,0,61.00,518622.00,549.00,5.57,1527.31,90,20,16,N,N,N,N,Routine,Routine: SKU-level quantity and supply policy triggers are not met,N,11.43
131,SKU0275,Tools 0275,Tools,Summit Packaging,12,8707,8707,0,0,61.50,535480.50,492.00,5.18,1679.81,85,25,21,N,N,N,N,Routine,Routine: SKU-level quantity and supply policy triggers are not met,N,11.42
132,SKU0174,Packaging 0174,Packaging,Harbor Safety,12,9392,9392,0,0,47.80,448937.60,764.80,5.37,1750.06,94,40,16,N,N,N,N,Routine,Routine: SKU-level quantity and supply policy triggers are not met,N,11.37
133,SKU0122,Electrical Components 0122,Electrical Components,Blue Ridge Supply,12,4679,4679,0,0,95.40,446376.60,763.20,5.54,843.91,82,20,12,N,N,N,N,Routine,Routine: SKU-level quantity and supply policy triggers are not met,N,11.32
134,SKU0149,Shipping Supplies 0149,Shipping Supplies,Harbor Safety,12,4002,4002,0,0,75.30,301350.60,1204.80,5.88,680.23,59,35,21,N,N,N,Y,Watch,"Watch: total quantity or days-of-supply policy trigger, or material exposure",N,11.14
135,SKU0057,Fasteners 0057,Fasteners,Blue Ridge Supply,12,4589,4589,0,0,94.90,435496.10,759.20,5.68,807.45,87,15,7,N,N,N,N,Routine,Routine: SKU-level quantity and supply policy triggers are not met,N,11.11
136,SKU0273,Safety Supplies 0273,Safety Supplies,Cedar Components,12,6796,6796,0,0,54.10,367663.60,973.80,5.79,1172.85,63,15,7,N,N,N,Y,Watch,"Watch: total quantity or days-of-supply policy trigger, or material exposure",N,11.07
137,SKU0015,Tools 0015,Tools,Summit Packaging,12,8404,8404,0,0,59.50,500038.00,535.50,5.29,1587.32,25,45,19,N,N,N,N,Routine,Routine: SKU-level quantity and supply policy triggers are not met,N,11.05
138,SKU0080,Material Handling 0080,Material Handling,Summit Packaging,12,8575,8575,0,0,60.00,514500.00,480.00,5.00,1715.00,20,10,6,N,N,N,N,Routine,Routine: SKU-level quantity and supply policy triggers are not met,N,11.01
139,SKU0145,Tools 0145,Tools,Summit Packaging,12,8472,8472,0,0,60.50,512556.00,484.00,5.71,1484.87,95,15,11,N,N,N,N,Routine,Routine: SKU-level quantity and supply policy triggers are not met,N,11.00
140,SKU0115,Tools 0115,Tools,Summit Packaging,12,6923,6923,0,0,69.50,481148.50,556.00,5.38,1286.01,85,25,17,N,N,N,N,Routine,Routine: SKU-level quantity and supply policy triggers are not met,N,10.84
141,SKU0214,Packaging 0214,Packaging,Harbor Safety,12,3686,3686,0,0,75.80,279398.80,1212.80,5.43,678.40,54,40,8,N,N,N,Y,Watch,"Watch: total quantity or days-of-supply policy trigger, or material exposure",N,10.81
142,SKU0243,Safety Supplies 0243,Safety Supplies,Cedar Components,12,4770,4770,0,0,63.10,300987.00,1135.80,5.32,897.18,53,25,13,N,N,N,Y,Watch,"Watch: total quantity or days-of-supply policy trigger, or material exposure",N,10.78
143,SKU0245,Tools 0245,Tools,Summit Packaging,12,6728,6728,0,0,70.50,474324.00,564.00,5.79,1161.11,75,35,9,N,N,N,N,Routine,Routine: SKU-level quantity and supply policy triggers are not met,N,10.77
144,SKU0050,Material Handling 0050,Material Handling,Summit Packaging,12,6596,6596,0,0,69.00,455124.00,621.00,5.46,1209.04,90,20,12,N,N,N,N,Routine,Routine: SKU-level quantity and supply policy triggers are not met,N,10.74
145,SKU0084,Packaging 0084,Packaging,Harbor Safety,12,3714,3714,0,0,74.80,277807.20,1196.80,4.87,763.15,64,30,16,N,N,N,Y,Watch,"Watch: total quantity or days-of-supply policy trigger, or material exposure",N,10.71
146,SKU0143,Safety Supplies 0143,Safety Supplies,Cedar Components,12,7014,7014,0,0,53.10,372443.40,849.60,5.38,1302.91,73,45,15,N,N,N,N,Routine,Routine: SKU-level quantity and supply policy triggers are not met,N,10.52
147,SKU0173,Safety Supplies 0173,Safety Supplies,Cedar Components,12,8796,8796,0,0,44.10,387903.60,793.80,5.71,1541.66,83,35,9,N,N,N,N,Routine,Routine: SKU-level quantity and supply policy triggers are not met,N,10.50
148,SKU0081,Industrial Supplies 0081,Industrial Supplies,Atlas Industrial,12,9789,9789,0,0,63.70,623559.30,0.00,5.82,1682.92,31,15,13,N,N,N,N,Routine,Routine: SKU-level quantity and supply policy triggers are not met,N,10.39
149,SKU0211,Industrial Supplies 0211,Industrial Supplies,Atlas Industrial,12,9607,9607,0,0,64.70,621572.90,0.00,5.29,1814.54,21,25,5,N,N,N,N,Routine,Routine: SKU-level quantity and supply policy triggers are not met,N,10.36
150,SKU0108,Maintenance Parts 0108,Maintenance Parts,Cedar Components,12,8741,8741,0,0,43.60,381107.60,784.80,5.00,1748.20,88,30,4,N,N,N,N,Routine,Routine: SKU-level quantity and supply policy triggers are not met,N,10.34
151,SKU0180,Material Handling 0180,Material Handling,Summit Packaging,12,6420,6420,0,0,70.00,449400.00,560.00,4.93,1301.35,80,30,4,N,N,N,N,Routine,Routine: SKU-level quantity and supply policy triggers are not met,N,10.33
152,SKU0178,Maintenance Parts 0178,Maintenance Parts,Cedar Components,12,4937,4937,0,0,62.60,309056.20,1001.60,5.54,890.44,58,20,8,N,N,N,Y,Watch,"Watch: total quantity or days-of-supply policy trigger, or material exposure",N,10.24
153,SKU0280,Material Handling 0280,Material Handling,Summit Packaging,12,4885,4885,0,0,80.00,390800.00,720.00,4.87,1003.77,60,10,20,N,N,N,N,Routine,Routine: SKU-level quantity and supply policy triggers are not met,N,10.17
154,SKU0078,Maintenance Parts 0078,Maintenance Parts,Cedar Components,12,6624,6624,0,0,52.60,348422.40,841.60,5.46,1214.18,78,40,10,N,N,N,N,Routine,Routine: SKU-level quantity and supply policy triggers are not met,N,10.08
155,SKU0113,Safety Supplies 0113,Safety Supplies,Cedar Components,12,4863,4863,0,0,62.10,301992.30,993.60,5.68,855.66,63,15,21,N,N,N,Y,Watch,"Watch: total quantity or days-of-supply policy trigger, or material exposure",N,10.08
156,SKU0240,Material Handling 0240,Material Handling,Summit Packaging,12,8881,8880,1,1,52.00,461760.00,468.00,4.96,1791.93,20,10,10,N,N,N,N,Routine,Routine: SKU-level quantity and supply policy triggers are not met,N,10.07
157,SKU0238,Maintenance Parts 0238,Maintenance Parts,Cedar Components,12,8671,8671,0,0,44.60,386726.60,713.60,5.57,1557.66,78,40,14,N,N,N,N,Routine,Routine: SKU-level quantity and supply policy triggers are not met,N,10.07
158,SKU0048,Maintenance Parts 0048,Maintenance Parts,Cedar Components,12,4932,4932,0,0,61.60,303811.20,985.60,5.13,960.78,68,10,16,N,N,N,Y,Watch,"Watch: total quantity or days-of-supply policy trigger, or material exposure",N,10.07
159,SKU0150,Material Handling 0150,Material Handling,Summit Packaging,12,4871,4870,1,1,79.00,384730.00,711.00,5.54,878.36,70,40,10,N,N,N,N,Routine,Routine: SKU-level quantity and supply policy triggers are not met,N,10.02
160,SKU0276,Consumables 0276,Consumables,Atlas Industrial,12,9212,9212,0,0,65.20,600622.40,0.00,5.00,1842.40,96,30,10,N,N,N,N,Routine,Routine: SKU-level quantity and supply policy triggers are not met,N,10.01
161,SKU0146,Consumables 0146,Consumables,Atlas Industrial,12,9172,9172,0,0,64.20,588842.40,0.00,5.37,1709.07,26,20,18,N,N,N,N,Routine,Routine: SKU-level quantity and supply policy triggers are not met,N,9.82
162,SKU0043,Safety Supplies 0043,Safety Supplies,Cedar Components,12,8618,8618,0,0,43.10,371435.80,689.60,5.29,1627.74,93,25,17,N,N,N,N,Routine,Routine: SKU-level quantity and supply policy triggers are not met,N,9.69
163,SKU0016,Consumables 0016,Consumables,Atlas Industrial,12,9179,9179,0,0,63.20,580112.80,0.00,4.96,1852.26,36,10,8,N,N,N,N,Routine,Routine: SKU-level quantity and supply policy triggers are not met,N,9.67
164,SKU0246,Consumables 0246,Consumables,Atlas Industrial,12,7783,7783,0,0,74.20,577498.60,0.00,5.46,1426.62,86,40,16,N,N,N,N,Routine,Routine: SKU-level quantity and supply policy triggers are not met,N,9.63
165,SKU0110,Material Handling 0110,Material Handling,Summit Packaging,12,8820,8820,0,0,51.00,449820.00,408.00,5.63,1565.68,30,40,18,N,N,N,N,Routine,Routine: SKU-level quantity and supply policy triggers are not met,N,9.57
166,SKU0215,Tools 0215,Tools,Summit Packaging,12,4685,4685,0,0,79.50,372457.50,636.00,5.32,881.19,65,45,15,N,N,N,N,Routine,Routine: SKU-level quantity and supply policy triggers are not met,N,9.44
167,SKU0020,Material Handling 0020,Material Handling,Summit Packaging,12,4820,4820,0,0,78.00,375960.00,624.00,5.13,938.96,80,30,18,N,N,N,N,Routine,Routine: SKU-level quantity and supply policy triggers are not met,N,9.44
168,SKU0175,Tools 0175,Tools,Summit Packaging,12,8224,8224,0,0,51.50,423536.00,463.50,5.25,1566.48,25,45,5,N,N,N,N,Routine,Routine: SKU-level quantity and supply policy triggers are not met,N,9.41
169,SKU0116,Consumables 0116,Consumables,Atlas Industrial,12,7673,7673,0,0,73.20,561663.60,0.00,5.04,1521.08,96,30,6,N,N,N,N,Routine,Routine: SKU-level quantity and supply policy triggers are not met,N,9.36
170,SKU0085,Tools 0085,Tools,Summit Packaging,12,4626,4626,0,0,78.50,363141.00,628.00,5.68,813.96,75,35,5,N,N,N,N,Routine,Routine: SKU-level quantity and supply policy triggers are not met,N,9.24
171,SKU0181,Industrial Supplies 0181,Industrial Supplies,Atlas Industrial,12,7458,7458,0,0,73.70,549654.60,0.00,5.75,1297.04,91,35,11,N,N,N,N,Routine,Routine: SKU-level quantity and supply policy triggers are not met,N,9.16
172,SKU0045,Tools 0045,Tools,Summit Packaging,12,8262,8262,0,0,50.50,417231.00,404.00,5.62,1470.98,35,35,13,N,N,N,N,Routine,Routine: SKU-level quantity and supply policy triggers are not met,N,9.01
173,SKU0051,Industrial Supplies 0051,Industrial Supplies,Atlas Industrial,12,7360,7360,0,0,72.70,535072.00,0.00,5.18,1419.94,21,25,19,N,N,N,N,Routine,Routine: SKU-level quantity and supply policy triggers are not met,N,8.92
174,SKU0216,Consumables 0216,Consumables,Atlas Industrial,12,5692,5692,0,0,83.20,473574.40,0.00,5.13,1108.83,76,10,4,N,N,N,N,Routine,Routine: SKU-level quantity and supply policy triggers are not met,N,7.89
175,SKU0281,Industrial Supplies 0281,Industrial Supplies,Atlas Industrial,12,5657,5657,0,0,83.70,473490.90,0.00,5.68,995.37,71,15,9,N,N,N,N,Routine,Routine: SKU-level quantity and supply policy triggers are not met,N,7.89
176,SKU0138,Maintenance Parts 0138,Maintenance Parts,Cedar Components,12,8066,8066,0,0,34.60,279083.60,622.80,5.63,1431.83,98,20,16,N,N,N,N,Routine,Routine: SKU-level quantity and supply policy triggers are not met,N,7.81
177,SKU0086,Consumables 0086,Consumables,Atlas Industrial,12,5674,5674,0,0,82.20,466402.80,0.00,5.50,1031.64,86,40,12,N,N,N,N,Routine,Routine: SKU-level quantity and supply policy triggers are not met,N,7.77
178,SKU0268,Maintenance Parts 0268,Maintenance Parts,Cedar Components,12,8040,8040,0,0,35.60,286224.00,569.60,4.96,1622.42,88,30,8,N,N,N,N,Routine,Routine: SKU-level quantity and supply policy triggers are not met,N,7.66
179,SKU0151,Industrial Supplies 0151,Industrial Supplies,Atlas Industrial,12,5551,5551,0,0,82.70,459067.70,0.00,5.12,1084.89,81,45,17,N,N,N,N,Routine,Routine: SKU-level quantity and supply policy triggers are not met,N,7.65
180,SKU0203,Safety Supplies 0203,Safety Supplies,Cedar Components,12,7642,7642,0,0,35.10,268234.20,561.60,5.25,1455.62,93,25,21,N,N,N,N,Routine,Routine: SKU-level quantity and supply policy triggers are not met,N,7.32
181,SKU0008,Maintenance Parts 0008,Maintenance Parts,Cedar Components,12,8104,8104,0,0,33.60,272294.40,537.60,5.07,1599.47,28,10,6,N,N,N,N,Routine,Routine: SKU-level quantity and supply policy triggers are not met,N,7.27
182,SKU0021,Industrial Supplies 0021,Industrial Supplies,Atlas Industrial,12,5332,5332,0,0,81.70,435624.40,0.00,5.79,920.19,91,35,7,N,N,N,N,Routine,Routine: SKU-level quantity and supply policy triggers are not met,N,7.26
183,SKU0073,Safety Supplies 0073,Safety Supplies,Cedar Components,12,7737,7737,0,0,34.10,263831.70,545.60,5.62,1377.51,23,15,11,N,N,N,N,Routine,Routine: SKU-level quantity and supply policy triggers are not met,N,7.17
184,SKU0172,Electrical Components 0172,Electrical Components,Blue Ridge Supply,12,8105,8105,0,0,40.40,327442.00,323.20,5.04,1606.72,72,30,20,N,N,N,N,Routine,Routine: SKU-level quantity and supply policy triggers are not met,N,7.10
185,SKU0237,Fasteners 0237,Fasteners,Blue Ridge Supply,12,7649,7649,0,0,40.90,312844.10,368.10,5.75,1330.26,67,35,7,N,N,N,N,Routine,Routine: SKU-level quantity and supply policy triggers are not met,N,7.08
186,SKU0142,Electrical Components 0142,Electrical Components,Blue Ridge Supply,12,5794,5794,0,0,49.40,286223.60,444.60,5.50,1053.45,62,40,8,N,N,N,N,Routine,Routine: SKU-level quantity and supply policy triggers are not met,N,7.03
187,SKU0077,Fasteners 0077,Fasteners,Blue Ridge Supply,12,5861,5861,0,0,48.90,286602.90,440.10,5.79,1011.49,67,35,21,N,N,N,N,Routine,Routine: SKU-level quantity and supply policy triggers are not met,N,7.01
188,SKU0207,Fasteners 0207,Fasteners,Blue Ridge Supply,12,5993,5993,0,0,49.90,299050.70,399.20,5.12,1171.27,57,45,13,N,N,N,N,Routine,Routine: SKU-level quantity and supply policy triggers are not met,N,7.01
189,SKU0272,Electrical Components 0272,Electrical Components,Blue Ridge Supply,12,5870,5870,0,0,50.40,295848.00,403.20,5.13,1143.51,52,10,18,N,N,N,N,Routine,Routine: SKU-level quantity and supply policy triggers are not met,N,6.98
190,SKU0042,Electrical Components 0042,Electrical Components,Blue Ridge Supply,12,8013,8013,0,0,39.40,315712.20,315.20,5.57,1439.46,82,20,10,N,N,N,N,Routine,Routine: SKU-level quantity and supply policy triggers are not met,N,6.86
191,SKU0107,Fasteners 0107,Fasteners,Blue Ridge Supply,12,7556,7557,-1,1,39.90,301524.30,359.10,5.18,1457.94,77,25,15,N,N,N,N,Routine,Routine: SKU-level quantity and supply policy triggers are not met,N,6.85
192,SKU0012,Electrical Components 0012,Electrical Components,Blue Ridge Supply,12,5956,5956,0,0,48.40,288270.40,387.20,4.93,1207.30,72,30,16,N,N,N,N,Routine,Routine: SKU-level quantity and supply policy triggers are not met,N,6.77
193,SKU0267,Fasteners 0267,Fasteners,Blue Ridge Supply,12,9684,9684,0,0,31.90,308919.60,287.10,5.29,1829.09,77,25,19,N,N,N,N,Routine,Routine: SKU-level quantity and supply policy triggers are not met,N,6.61
194,SKU0112,Electrical Components 0112,Electrical Components,Blue Ridge Supply,12,3839,3839,0,0,58.40,224197.60,525.60,4.87,788.84,52,10,14,N,N,N,N,Routine,Routine: SKU-level quantity and supply policy triggers are not met,N,6.41
195,SKU0177,Fasteners 0177,Fasteners,Blue Ridge Supply,12,4053,4053,0,0,58.90,238721.70,471.20,5.88,688.90,47,15,19,N,N,N,N,Routine,Routine: SKU-level quantity and supply policy triggers are not met,N,6.37
196,SKU0047,Fasteners 0047,Fasteners,Blue Ridge Supply,12,4152,4152,0,0,57.90,240400.80,463.20,5.32,780.94,57,45,9,N,N,N,N,Routine,Routine: SKU-level quantity and supply policy triggers are not met,N,6.36
197,SKU0137,Fasteners 0137,Fasteners,Blue Ridge Supply,12,9861,9861,0,0,30.90,304704.90,247.20,5.82,1695.30,87,15,9,N,N,N,N,Routine,Routine: SKU-level quantity and supply policy triggers are not met,N,6.33
198,SKU0202,Electrical Components 0202,Electrical Components,Blue Ridge Supply,12,9616,9616,0,0,31.40,301942.40,251.20,5.37,1791.80,82,20,14,N,N,N,N,Routine,Routine: SKU-level quantity and supply policy triggers are not met,N,6.31
199,SKU0242,Electrical Components 0242,Electrical Components,Blue Ridge Supply,12,3898,3898,0,0,59.40,231541.20,475.20,5.43,717.42,42,20,6,N,N,N,N,Routine,Routine: SKU-level quantity and supply policy triggers are not met,N,6.27
200,SKU0204,Packaging 0204,Packaging,Harbor Safety,12,3873,3873,0,0,38.80,150272.40,698.40,5.07,764.41,24,30,10,N,N,N,N,Routine,Routine: SKU-level quantity and supply policy triggers are not met,N,6.05
201,SKU0072,Electrical Components 0072,Electrical Components,Blue Ridge Supply,12,9389,9389,0,0,30.40,285425.60,243.20,4.96,1894.64,92,10,4,N,N,N,N,Routine,Routine: SKU-level quantity and supply policy triggers are not met,N,5.99
202,SKU0009,Shipping Supplies 0009,Shipping Supplies,Harbor Safety,12,4128,4128,0,0,37.30,153974.40,671.40,5.88,701.64,39,15,13,N,N,N,N,Routine,Routine: SKU-level quantity and supply policy triggers are not met,N,5.98
203,SKU0186,Consumables 0186,Consumables,Atlas Industrial,12,3789,3789,0,0,92.20,349345.80,0.00,5.43,697.36,66,20,10,N,N,N,N,Routine,Routine: SKU-level quantity and supply policy triggers are not met,N,5.82
204,SKU0139,Shipping Supplies 0139,Shipping Supplies,Harbor Safety,12,4119,4119,0,0,38.30,157757.70,612.80,5.21,791.27,29,25,5,N,N,N,N,Routine,Routine: SKU-level quantity and supply policy triggers are not met,N,5.74
205,SKU0056,Consumables 0056,Consumables,Atlas Industrial,12,3661,3661,0,0,91.20,333883.20,0.00,4.87,752.26,76,10,18,N,N,N,N,Routine,Routine: SKU-level quantity and supply policy triggers are not met,N,5.57
206,SKU0269,Shipping Supplies 0269,Shipping Supplies,Harbor Safety,12,4185,4185,0,0,39.30,164470.50,550.20,5.62,745.10,99,35,15,N,N,N,N,Routine,Routine: SKU-level quantity and supply policy triggers are not met,N,5.53
207,SKU0074,Packaging 0074,Packaging,Harbor Safety,12,3817,3817,0,0,37.80,144282.60,604.80,5.43,702.52,34,20,18,N,N,N,N,Routine,Routine: SKU-level quantity and supply policy triggers are not met,N,5.48
208,SKU0234,Packaging 0234,Packaging,Harbor Safety,12,5207,5207,0,0,29.80,155168.60,536.40,5.54,939.14,34,20,4,N,N,N,N,Routine,Routine: SKU-level quantity and supply policy triggers are not met,N,5.31
209,SKU0169,Shipping Supplies 0169,Shipping Supplies,Harbor Safety,12,5095,5095,0,0,29.30,149283.50,527.40,5.68,896.48,39,15,17,N,N,N,N,Routine,Routine: SKU-level quantity and supply policy triggers are not met,N,5.17
210,SKU0299,Shipping Supplies 0299,Shipping Supplies,Harbor Safety,12,4914,4914,0,0,30.30,148894.20,484.80,5.32,924.26,29,25,9,N,N,N,N,Routine,Routine: SKU-level quantity and supply policy triggers are not met,N,4.94
211,SKU0104,Packaging 0104,Packaging,Harbor Safety,12,5268,5268,0,0,28.80,151718.40,460.80,5.13,1026.23,44,10,12,N,N,N,N,Routine,Routine: SKU-level quantity and supply policy triggers are not met,N,4.87
212,SKU0235,Tools 0235,Tools,Summit Packaging,12,6229,6229,0,0,33.50,208671.50,268.00,5.12,1217.39,45,25,11,N,N,N,N,Routine,Routine: SKU-level quantity and supply policy triggers are not met,N,4.84
213,SKU0300,Material Handling 0300,Material Handling,Summit Packaging,12,6044,6044,0,0,34.00,205496.00,272.00,5.13,1177.40,40,30,16,N,N,N,N,Routine,Routine: SKU-level quantity and supply policy triggers are not met,N,4.81
214,SKU0075,Tools 0075,Tools,Summit Packaging,12,4178,4178,0,0,41.50,173387.00,373.50,5.32,785.83,45,25,7,N,N,N,N,Routine,Routine: SKU-level quantity and supply policy triggers are not met,N,4.79
215,SKU0039,Shipping Supplies 0039,Shipping Supplies,Harbor Safety,12,5236,5236,0,0,28.30,148178.80,452.80,5.12,1023.32,49,45,7,N,N,N,N,Routine,Routine: SKU-level quantity and supply policy triggers are not met,N,4.77
216,SKU0105,Tools 0105,Tools,Summit Packaging,12,6047,6047,0,0,32.50,196527.50,292.50,5.79,1043.59,55,15,19,N,N,N,N,Routine,Routine: SKU-level quantity and supply policy triggers are not met,N,4.76
217,SKU0205,Tools 0205,Tools,Summit Packaging,12,4234,4234,0,0,42.50,179945.00,340.00,5.88,719.66,35,35,17,N,N,N,N,Routine,Routine: SKU-level quantity and supply policy triggers are not met,N,4.73
218,SKU0270,Material Handling 0270,Material Handling,Summit Packaging,12,4107,4107,0,0,43.00,176601.00,344.00,5.43,755.89,30,40,4,N,N,N,N,Routine,Routine: SKU-level quantity and supply policy triggers are not met,N,4.69
219,SKU0040,Material Handling 0040,Material Handling,Summit Packaging,12,5900,5900,0,0,32.00,188800.00,288.00,4.93,1195.95,60,10,14,N,N,N,N,Routine,Routine: SKU-level quantity and supply policy triggers are not met,N,4.61
220,SKU0170,Material Handling 0170,Material Handling,Summit Packaging,12,5898,5898,0,0,33.00,194634.00,264.00,5.50,1072.36,50,20,6,N,N,N,N,Routine,Routine: SKU-level quantity and supply policy triggers are not met,N,4.58
221,SKU0140,Material Handling 0140,Material Handling,Summit Packaging,12,4063,4063,0,0,42.00,170646.00,336.00,4.87,834.86,40,30,12,N,N,N,N,Routine,Routine: SKU-level quantity and supply policy triggers are not met,N,4.55
222,SKU0010,Material Handling 0010,Material Handling,Summit Packaging,12,3973,3973,0,0,41.00,162893.00,328.00,5.54,716.57,50,20,20,N,N,N,N,Routine,Routine: SKU-level quantity and supply policy triggers are not met,N,4.38
223,SKU0200,Material Handling 0200,Material Handling,Summit Packaging,12,8203,8203,0,0,24.00,196872.00,216.00,5.04,1626.15,60,10,18,N,N,N,N,Routine,Routine: SKU-level quantity and supply policy triggers are not met,N,4.38
224,SKU0241,Industrial Supplies 0241,Industrial Supplies,Atlas Industrial,12,4709,4709,0,0,55.70,262291.30,0.00,5.62,838.40,31,15,17,N,N,N,N,Routine,Routine: SKU-level quantity and supply policy triggers are not met,N,4.37
225,SKU0265,Tools 0265,Tools,Summit Packaging,12,7961,7961,0,0,24.50,195044.50,220.50,5.75,1384.52,55,15,5,N,N,N,N,Routine,Routine: SKU-level quantity and supply policy triggers are not met,N,4.37
226,SKU0298,Maintenance Parts 0298,Maintenance Parts,Cedar Components,12,4212,4212,0,0,26.60,112039.20,478.80,5.43,775.21,98,20,20,N,N,N,N,Routine,Routine: SKU-level quantity and supply policy triggers are not met,N,4.30
227,SKU0236,Consumables 0236,Consumables,Atlas Industrial,12,6907,6907,0,0,37.20,256940.40,0.00,4.93,1400.07,56,30,18,N,N,N,N,Routine,Routine: SKU-level quantity and supply policy triggers are not met,N,4.28
228,SKU0171,Industrial Supplies 0171,Industrial Supplies,Atlas Industrial,12,6978,6978,0,0,36.70,256092.60,0.00,5.38,1296.22,61,25,13,N,N,N,N,Routine,Routine: SKU-level quantity and supply policy triggers are not met,N,4.27
229,SKU0111,Industrial Supplies 0111,Industrial Supplies,Atlas Industrial,12,4632,4632,0,0,54.70,253370.40,0.00,5.21,889.82,41,45,7,N,N,N,N,Routine,Routine: SKU-level quantity and supply policy triggers are not met,N,4.22
230,SKU0201,Industrial Supplies 0201,Industrial Supplies,Atlas Industrial,12,9101,9101,0,0,27.70,252097.70,0.00,5.71,1595.11,71,15,7,N,N,N,N,Routine,Routine: SKU-level quantity and supply policy triggers are not met,N,4.20
231,SKU0041,Industrial Supplies 0041,Industrial Supplies,Atlas Industrial,12,7055,7055,0,0,35.70,251863.50,0.00,5.75,1226.96,71,15,21,N,N,N,N,Routine,Routine: SKU-level quantity and supply policy triggers are not met,N,4.20
232,SKU0264,Packaging 0264,Packaging,Harbor Safety,12,7029,7029,0,0,20.80,146203.20,332.80,4.93,1424.80,44,10,16,N,N,N,N,Routine,Routine: SKU-level quantity and supply policy triggers are not met,N,4.13
233,SKU0206,Consumables 0206,Consumables,Atlas Industrial,12,5354,5354,0,0,46.20,247354.80,0.00,5.54,965.65,46,40,6,N,N,N,N,Routine,Routine: SKU-level quantity and supply policy triggers are not met,N,4.12
234,SKU0069,Shipping Supplies 0069,Shipping Supplies,Harbor Safety,12,7142,7142,0,0,19.30,137840.60,347.40,5.75,1242.09,59,35,19,N,N,N,N,Routine,Routine: SKU-level quantity and supply policy triggers are not met,N,4.06
235,SKU0070,Material Handling 0070,Material Handling,Summit Packaging,12,8072,8072,0,0,23.00,185656.00,184.00,5.57,1450.06,70,40,8,N,N,N,N,Routine,Routine: SKU-level quantity and supply policy triggers are not met,N,4.03
236,SKU0106,Consumables 0106,Consumables,Atlas Industrial,12,6655,6655,0,0,36.20,240911.00,0.00,5.46,1219.86,66,20,8,N,N,N,N,Routine,Routine: SKU-level quantity and supply policy triggers are not met,N,4.02
237,SKU0199,Shipping Supplies 0199,Shipping Supplies,Harbor Safety,12,6962,6962,0,0,20.30,141328.60,324.80,5.38,1293.25,49,45,11,N,N,N,N,Routine,Routine: SKU-level quantity and supply policy triggers are not met,N,4.00
238,SKU0046,Consumables 0046,Consumables,Atlas Industrial,12,4431,4431,0,0,54.20,240160.20,0.00,5.43,815.52,46,40,20,N,N,N,N,Routine,Routine: SKU-level quantity and supply policy triggers are not met,N,4.00
239,SKU0176,Consumables 0176,Consumables,Atlas Industrial,12,4348,4348,0,0,55.20,240009.60,0.00,5.07,858.16,36,10,12,N,N,N,N,Routine,Routine: SKU-level quantity and supply policy triggers are not met,N,4.00
240,SKU0071,Industrial Supplies 0071,Industrial Supplies,Atlas Industrial,12,8967,8967,0,0,26.70,239418.90,0.00,5.29,1693.66,81,45,15,N,N,N,N,Routine,Routine: SKU-level quantity and supply policy triggers are not met,N,3.99
241,SKU0135,Tools 0135,Tools,Summit Packaging,12,7739,7739,0,0,23.50,181866.50,188.00,5.18,1493.05,65,45,13,N,N,N,N,Routine,Routine: SKU-level quantity and supply policy triggers are not met,N,3.99
242,SKU0038,Maintenance Parts 0038,Maintenance Parts,Cedar Components,12,4195,4195,0,0,24.60,103197.00,442.80,5.54,756.61,38,40,18,N,N,N,N,Routine,Routine: SKU-level quantity and supply policy triggers are not met,N,3.97
243,SKU0233,Safety Supplies 0233,Safety Supplies,Cedar Components,12,4226,4226,0,0,26.10,110298.60,417.60,5.88,718.30,23,15,15,N,N,N,N,Routine,Routine: SKU-level quantity and supply policy triggers are not met,N,3.96
244,SKU0266,Consumables 0266,Consumables,Atlas Industrial,12,8406,8406,0,0,28.20,237049.20,0.00,5.57,1510.06,66,20,12,N,N,N,N,Routine,Routine: SKU-level quantity and supply policy triggers are not met,N,3.95
245,SKU0076,Consumables 0076,Consumables,Atlas Industrial,12,5217,5217,0,0,45.20,235808.40,0.00,5.13,1016.30,56,30,14,N,N,N,N,Routine,Routine: SKU-level quantity and supply policy triggers are not met,N,3.93
246,SKU0134,Packaging 0134,Packaging,Harbor Safety,12,6968,6968,0,0,19.80,137966.40,316.80,5.46,1277.23,54,40,6,N,N,N,N,Routine,Routine: SKU-level quantity and supply policy triggers are not met,N,3.91
247,SKU0168,Maintenance Parts 0168,Maintenance Parts,Cedar Components,12,4266,4266,0,0,25.60,109209.60,409.60,4.87,876.58,28,10,10,N,N,N,N,Routine,Routine: SKU-level quantity and supply policy triggers are not met,N,3.90
248,SKU0136,Consumables 0136,Consumables,Atlas Industrial,12,8567,8567,0,0,27.20,233022.40,0.00,5.00,1713.40,76,10,20,N,N,N,N,Routine,Routine: SKU-level quantity and supply policy triggers are not met,N,3.88
249,SKU0006,Consumables 0006,Consumables,Atlas Industrial,12,8743,8743,0,0,26.20,229066.60,0.00,5.37,1629.13,86,40,10,N,N,N,N,Routine,Routine: SKU-level quantity and supply policy triggers are not met,N,3.82
250,SKU0005,Tools 0005,Tools,Summit Packaging,12,7738,7738,0,0,22.50,174105.00,180.00,5.71,1356.22,75,35,21,N,N,N,N,Routine,Routine: SKU-level quantity and supply policy triggers are not met,N,3.82
251,SKU0103,Safety Supplies 0103,Safety Supplies,Cedar Components,12,4232,4232,0,0,25.10,106223.20,401.60,5.32,795.99,33,45,5,N,N,N,N,Routine,Routine: SKU-level quantity and supply policy triggers are not met,N,3.81
252,SKU0141,Industrial Supplies 0141,Industrial Supplies,Atlas Industrial,12,4864,4864,0,0,45.70,222284.80,0.00,5.68,855.84,51,35,19,N,N,N,N,Routine,Routine: SKU-level quantity and supply policy triggers are not met,N,3.71
253,SKU0004,Packaging 0004,Packaging,Harbor Safety,12,6898,6898,0,0,18.80,129682.40,300.80,5.04,1367.44,64,30,14,N,N,N,N,Routine,Routine: SKU-level quantity and supply policy triggers are not met,N,3.69
254,SKU0271,Industrial Supplies 0271,Industrial Supplies,Atlas Industrial,12,4729,4729,0,0,46.70,220844.30,0.00,5.32,889.47,41,45,11,N,N,N,N,Routine,Routine: SKU-level quantity and supply policy triggers are not met,N,3.68
255,SKU0011,Industrial Supplies 0011,Industrial Supplies,Atlas Industrial,12,4796,4796,0,0,44.70,214381.20,0.00,5.12,937.33,61,25,9,N,N,N,N,Routine,Routine: SKU-level quantity and supply policy triggers are not met,N,3.57
256,SKU0263,Safety Supplies 0263,Safety Supplies,Cedar Components,12,6355,6355,0,0,17.10,108670.50,273.60,5.12,1242.02,33,45,9,N,N,N,N,Routine,Routine: SKU-level quantity and supply policy triggers are not met,N,3.20
257,SKU0198,Maintenance Parts 0198,Maintenance Parts,Cedar Components,12,6046,6046,0,0,16.60,100363.60,298.80,5.50,1099.27,38,40,4,N,N,N,N,Routine,Routine: SKU-level quantity and supply policy triggers are not met,N,3.19
258,SKU0230,Material Handling 0230,Material Handling,Summit Packaging,12,9897,9897,0,0,15.00,148455.00,135.00,5.37,1844.16,70,40,12,N,N,N,N,Routine,Routine: SKU-level quantity and supply policy triggers are not met,N,3.16
259,SKU0295,Tools 0295,Tools,Summit Packaging,12,9714,9714,0,0,15.50,150567.00,124.00,5.29,1834.75,65,45,17,N,N,N,N,Routine,Routine: SKU-level quantity and supply policy triggers are not met,N,3.14
260,SKU0068,Maintenance Parts 0068,Maintenance Parts,Cedar Components,12,6106,6108,-2,2,15.60,95284.80,280.80,4.93,1238.11,48,30,12,N,N,N,N,Routine,Routine: SKU-level quantity and supply policy triggers are not met,N,3.01
261,SKU0133,Safety Supplies 0133,Safety Supplies,Cedar Components,12,6330,6330,0,0,16.10,101913.00,257.60,5.79,1092.43,43,35,17,N,N,N,N,Routine,Routine: SKU-level quantity and supply policy triggers are not met,N,3.01
262,SKU0165,Tools 0165,Tools,Summit Packaging,12,9904,9904,0,0,14.50,143608.00,116.00,5.82,1702.69,75,35,7,N,N,N,N,Routine,Routine: SKU-level quantity and supply policy triggers are not met,N,2.98
263,SKU0003,Safety Supplies 0003,Safety Supplies,Cedar Components,12,6095,6095,0,0,15.10,92034.50,271.80,5.38,1132.20,53,25,7,N,N,N,N,Routine,Routine: SKU-level quantity and supply policy triggers are not met,N,2.91
264,SKU0100,Material Handling 0100,Material Handling,Summit Packaging,12,9735,9735,0,0,14.00,136290.00,112.00,4.96,1964.46,80,30,20,N,N,N,N,Routine,Routine: SKU-level quantity and supply policy triggers are not met,N,2.84
265,SKU0035,Tools 0035,Tools,Summit Packaging,12,9977,9977,0,0,13.50,134689.50,108.00,5.25,1900.38,85,25,15,N,N,N,N,Routine,Routine: SKU-level quantity and supply policy triggers are not met,N,2.79
266,SKU0294,Packaging 0294,Packaging,Harbor Safety,12,8708,8708,0,0,11.80,102754.40,188.80,5.57,1564.31,54,40,10,N,N,N,N,Routine,Routine: SKU-level quantity and supply policy triggers are not met,N,2.67
267,SKU0229,Shipping Supplies 0229,Shipping Supplies,Harbor Safety,12,9267,9267,0,0,11.30,104717.10,180.80,5.71,1624.21,59,35,5,N,N,N,N,Routine,Routine: SKU-level quantity and supply policy triggers are not met,N,2.66
268,SKU0099,Shipping Supplies 0099,Shipping Supplies,Harbor Safety,12,9183,9183,0,0,10.30,94584.90,185.40,5.29,1734.46,69,25,13,N,N,N,N,Routine,Routine: SKU-level quantity and supply policy triggers are not met,N,2.52
269,SKU0164,Packaging 0164,Packaging,Harbor Safety,12,8820,8820,0,0,10.80,95256.00,172.80,5.00,1764.00,64,30,18,N,N,N,N,Routine,Routine: SKU-level quantity and supply policy triggers are not met,N,2.47
270,SKU0296,Consumables 0296,Consumables,Atlas Industrial,12,7414,7414,0,0,19.20,142348.80,0.00,4.96,1496.10,76,10,6,N,N,N,N,Routine,Routine: SKU-level quantity and supply policy triggers are not met,N,2.37
271,SKU0034,Packaging 0034,Packaging,Harbor Safety,12,8793,8793,0,0,9.80,86171.40,176.40,5.37,1638.45,74,20,8,N,N,N,N,Routine,Routine: SKU-level quantity and supply policy triggers are not met,N,2.33
272,SKU0297,Fasteners 0297,Fasteners,Blue Ridge Supply,12,3575,3575,0,0,22.90,81867.50,183.20,5.62,636.50,87,15,13,N,N,N,N,Routine,Routine: SKU-level quantity and supply policy triggers are not met,N,2.29
273,SKU0167,Fasteners 0167,Fasteners,Blue Ridge Supply,12,3487,3487,0,0,21.90,76365.30,197.10,5.21,669.86,97,45,21,N,N,N,N,Routine,Routine: SKU-level quantity and supply policy triggers are not met,N,2.27
274,SKU0166,Consumables 0166,Consumables,Atlas Industrial,12,7454,7454,0,0,18.20,135662.80,0.00,5.63,1323.20,86,40,14,N,N,N,N,Routine,Routine: SKU-level quantity and supply policy triggers are not met,N,2.26
275,SKU0231,Industrial Supplies 0231,Industrial Supplies,Atlas Industrial,12,7192,7192,0,0,18.70,134490.40,0.00,5.25,1369.90,81,45,19,N,N,N,N,Routine,Routine: SKU-level quantity and supply policy triggers are not met,N,2.24
276,SKU0232,Electrical Components 0232,Electrical Components,Blue Ridge Supply,12,3376,3376,0,0,22.40,75622.40,179.20,5.07,666.32,92,10,8,N,N,N,N,Routine,Routine: SKU-level quantity and supply policy triggers are not met,N,2.17
277,SKU0102,Electrical Components 0102,Electrical Components,Blue Ridge Supply,12,3528,3528,0,0,21.40,75499.20,171.20,5.43,649.33,22,40,16,N,N,N,N,Routine,Routine: SKU-level quantity and supply policy triggers are not met,N,2.13
278,SKU0036,Consumables 0036,Consumables,Atlas Industrial,12,7407,7407,0,0,17.20,127400.40,0.00,5.07,1461.91,96,30,4,N,N,N,N,Routine,Routine: SKU-level quantity and supply policy triggers are not met,N,2.12
279,SKU0101,Industrial Supplies 0101,Industrial Supplies,Atlas Industrial,12,7148,7148,0,0,17.70,126519.60,0.00,5.62,1272.64,91,35,9,N,N,N,N,Routine,Routine: SKU-level quantity and supply policy triggers are not met,N,2.11
280,SKU0037,Fasteners 0037,Fasteners,Blue Ridge Supply,12,3420,3420,0,0,20.90,71478.00,167.20,5.88,581.30,27,35,11,N,N,N,N,Routine,Routine: SKU-level quantity and supply policy triggers are not met,N,2.04
281,SKU0262,Electrical Components 0262,Electrical Components,Blue Ridge Supply,12,5493,5493,0,0,13.40,73606.20,107.20,5.54,990.72,22,40,20,N,N,N,N,Routine,Routine: SKU-level quantity and supply policy triggers are not met,N,1.77
282,SKU0228,Maintenance Parts 0228,Maintenance Parts,Cedar Components,12,8241,8241,0,0,7.60,62631.60,136.80,5.04,1633.68,48,30,16,N,N,N,N,Routine,Routine: SKU-level quantity and supply policy triggers are not met,N,1.74
283,SKU0293,Safety Supplies 0293,Safety Supplies,Cedar Components,12,7850,7850,0,0,8.10,63585.00,129.60,5.75,1365.22,43,35,21,N,N,N,N,Routine,Routine: SKU-level quantity and supply policy triggers are not met,N,1.72
284,SKU0132,Electrical Components 0132,Electrical Components,Blue Ridge Supply,12,5454,5454,0,0,12.40,67629.60,111.60,5.13,1062.47,32,30,10,N,N,N,N,Routine,Routine: SKU-level quantity and supply policy triggers are not met,N,1.69
285,SKU0197,Fasteners 0197,Fasteners,Blue Ridge Supply,12,5075,5076,-1,1,12.90,65480.40,116.10,5.68,893.14,27,35,15,N,N,N,N,Routine,Routine: SKU-level quantity and supply policy triggers are not met,N,1.68
286,SKU0163,Safety Supplies 0163,Safety Supplies,Cedar Components,12,7801,7801,0,0,7.10,55387.10,127.80,5.18,1505.02,53,25,11,N,N,N,N,Routine,Routine: SKU-level quantity and supply policy triggers are not met,N,1.57
287,SKU0067,Fasteners 0067,Fasteners,Blue Ridge Supply,12,5280,5280,0,0,11.90,62832.00,95.20,5.12,1031.92,37,25,5,N,N,N,N,Routine,Routine: SKU-level quantity and supply policy triggers are not met,N,1.53
288,SKU0002,Electrical Components 0002,Electrical Components,Blue Ridge Supply,12,5349,5349,0,0,11.40,60978.60,91.20,5.50,972.55,42,20,18,N,N,N,N,Routine,Routine: SKU-level quantity and supply policy triggers are not met,N,1.48
289,SKU0098,Maintenance Parts 0098,Maintenance Parts,Cedar Components,12,8336,8336,0,0,6.60,55017.60,105.60,5.57,1497.49,58,20,6,N,N,N,N,Routine,Routine: SKU-level quantity and supply policy triggers are not met,N,1.45
290,SKU0033,Safety Supplies 0033,Safety Supplies,Cedar Components,12,7645,7645,0,0,6.10,46634.50,97.60,5.71,1339.92,63,15,19,N,N,N,N,Routine,Routine: SKU-level quantity and supply policy triggers are not met,N,1.27
291,SKU0292,Electrical Components 0292,Electrical Components,Blue Ridge Supply,12,7110,7110,0,0,4.40,31284.00,39.60,4.93,1441.22,32,30,14,N,N,N,N,Routine,Routine: SKU-level quantity and supply policy triggers are not met,N,0.72
292,SKU0261,Industrial Supplies 0261,Industrial Supplies,Atlas Industrial,12,4250,4250,0,0,9.70,41225.00,0.00,5.88,722.38,91,35,13,N,N,N,N,Routine,Routine: SKU-level quantity and supply policy triggers are not met,N,0.69
293,SKU0196,Consumables 0196,Consumables,Atlas Industrial,12,4338,4338,0,0,9.20,39909.60,0.00,4.87,891.37,96,30,8,N,N,N,N,Routine,Routine: SKU-level quantity and supply policy triggers are not met,N,0.67
294,SKU0131,Industrial Supplies 0131,Industrial Supplies,Atlas Industrial,12,4357,4357,0,0,8.70,37905.90,0.00,5.32,819.50,21,25,21,N,N,N,N,Routine,Routine: SKU-level quantity and supply policy triggers are not met,N,0.63
295,SKU0066,Consumables 0066,Consumables,Atlas Industrial,12,4323,4323,0,0,8.20,35448.60,0.00,5.54,779.70,26,20,16,N,N,N,N,Routine,Routine: SKU-level quantity and supply policy triggers are not met,N,0.59
296,SKU0260,Material Handling 0260,Material Handling,Summit Packaging,12,3427,3427,0,0,6.00,20562.00,48.00,5.07,676.38,80,30,6,N,N,N,N,Routine,Routine: SKU-level quantity and supply policy triggers are not met,N,0.59
297,SKU0001,Industrial Supplies 0001,Industrial Supplies,Atlas Industrial,12,4399,4399,0,0,7.70,33872.30,0.00,5.68,774.02,31,15,11,N,N,N,N,Routine,Routine: SKU-level quantity and supply policy triggers are not met,N,0.56
298,SKU0195,Tools 0195,Tools,Summit Packaging,12,3565,3565,0,0,5.50,19607.50,44.00,5.21,684.85,85,25,19,N,N,N,N,Routine,Routine: SKU-level quantity and supply policy triggers are not met,N,0.55
299,SKU0130,Material Handling 0130,Material Handling,Summit Packaging,12,3422,3422,0,0,5.00,17110.00,45.00,5.43,629.82,90,20,14,N,N,N,N,Routine,Routine: SKU-level quantity and supply policy triggers are not met,N,0.51
300,SKU0065,Tools 0065,Tools,Summit Packaging,12,3475,3475,0,0,4.50,15637.50,36.00,5.88,590.65,95,15,9,N,N,N,N,Routine,Routine: SKU-level quantity and supply policy triggers are not met,N,0.44
