expense_id,expense_date,expense_category,region,amount
EXP-0001,2023-01-01,Payroll,Midwest,25000.0
EXP-0002,2023-01-01,Freight,Midwest,2784.94
EXP-0003,2023-01-01,Marketing,Midwest,1625.79
EXP-0004,2023-01-01,Software,Midwest,1411.03
EXP-0005,2023-01-01,Facilities,Midwest,2083.61
EXP-0006,2023-01-01,Payroll,South,23500.0
EXP-0007,2023-01-01,Freight,South,2586.81
EXP-0008,2023-01-01,Marketing,South,2116.65
EXP-0009,2023-01-01,Software,South,1395.74
EXP-0010,2023-01-01,Facilities,South,1880.93
EXP-0011,2023-01-01,Payroll,West,27000.0
EXP-0012,2023-01-01,Freight,West,2690.54
EXP-0013,2023-01-01,Marketing,West,1608.35
EXP-0014,2023-01-01,Software,West,1397.7
EXP-0015,2023-01-01,Facilities,West,2066.05
EXP-0016,2023-01-01,Payroll,Northeast,28500.0
EXP-0017,2023-01-01,Freight,Northeast,2632.45
EXP-0018,2023-01-01,Marketing,Northeast,1723.58
EXP-0019,2023-01-01,Software,Northeast,1379.21
EXP-0020,2023-01-01,Facilities,Northeast,2290.61
EXP-0021,2023-02-01,Payroll,Midwest,25375.0
EXP-0022,2023-02-01,Freight,Midwest,2317.39
EXP-0023,2023-02-01,Marketing,Midwest,2035.72
EXP-0024,2023-02-01,Software,Midwest,1411.73
EXP-0025,2023-02-01,Facilities,Midwest,2324.12
EXP-0026,2023-02-01,Payroll,South,23852.5
EXP-0027,2023-02-01,Freight,South,2236.78
EXP-0028,2023-02-01,Marketing,South,2109.89
EXP-0029,2023-02-01,Software,South,1658.0
EXP-0030,2023-02-01,Facilities,South,1938.84
EXP-0031,2023-02-01,Payroll,West,27405.0
EXP-0032,2023-02-01,Freight,West,2350.35
EXP-0033,2023-02-01,Marketing,West,1676.72
EXP-0034,2023-02-01,Software,West,1686.33
EXP-0035,2023-02-01,Facilities,West,2135.01
EXP-0036,2023-02-01,Payroll,Northeast,28927.5
EXP-0037,2023-02-01,Freight,Northeast,2696.61
EXP-0038,2023-02-01,Marketing,Northeast,2025.12
EXP-0039,2023-02-01,Software,Northeast,1686.5
EXP-0040,2023-02-01,Facilities,Northeast,1965.57
EXP-0041,2023-03-01,Payroll,Midwest,25750.0
EXP-0042,2023-03-01,Freight,Midwest,2405.84
EXP-0043,2023-03-01,Marketing,Midwest,2203.79
EXP-0044,2023-03-01,Software,Midwest,1490.2
EXP-0045,2023-03-01,Facilities,Midwest,2111.6
EXP-0046,2023-03-01,Payroll,South,24205.0
EXP-0047,2023-03-01,Freight,South,2560.59
EXP-0048,2023-03-01,Marketing,South,1906.35
EXP-0049,2023-03-01,Software,South,1614.04
EXP-0050,2023-03-01,Facilities,South,2012.71
EXP-0051,2023-03-01,Payroll,West,27810.0
EXP-0052,2023-03-01,Freight,West,2837.08
EXP-0053,2023-03-01,Marketing,West,2185.91
EXP-0054,2023-03-01,Software,West,1703.09
EXP-0055,2023-03-01,Facilities,West,2109.43
EXP-0056,2023-03-01,Payroll,Northeast,29355.0
EXP-0057,2023-03-01,Freight,Northeast,2922.41
EXP-0058,2023-03-01,Marketing,Northeast,1794.65
EXP-0059,2023-03-01,Software,Northeast,1437.42
EXP-0060,2023-03-01,Facilities,Northeast,2302.79
EXP-0061,2023-04-01,Payroll,Midwest,26125.0
EXP-0062,2023-04-01,Freight,Midwest,2991.6
EXP-0063,2023-04-01,Marketing,Midwest,1965.34
EXP-0064,2023-04-01,Software,Midwest,1594.23
EXP-0065,2023-04-01,Facilities,Midwest,2445.01
EXP-0066,2023-04-01,Payroll,South,24557.5
EXP-0067,2023-04-01,Freight,South,3046.12
EXP-0068,2023-04-01,Marketing,South,2003.56
EXP-0069,2023-04-01,Software,South,1648.27
EXP-0070,2023-04-01,Facilities,South,2505.79
EXP-0071,2023-04-01,Payroll,West,28215.0
EXP-0072,2023-04-01,Freight,West,2386.53
EXP-0073,2023-04-01,Marketing,West,1995.24
EXP-0074,2023-04-01,Software,West,1720.06
EXP-0075,2023-04-01,Facilities,West,2428.78
EXP-0076,2023-04-01,Payroll,Northeast,29782.5
EXP-0077,2023-04-01,Freight,Northeast,3012.2
EXP-0078,2023-04-01,Marketing,Northeast,1834.54
EXP-0079,2023-04-01,Software,Northeast,1608.43
EXP-0080,2023-04-01,Facilities,Northeast,2046.57
EXP-0081,2023-05-01,Payroll,Midwest,26500.0
EXP-0082,2023-05-01,Freight,Midwest,2520.88
EXP-0083,2023-05-01,Marketing,Midwest,2287.11
EXP-0084,2023-05-01,Software,Midwest,1770.21
EXP-0085,2023-05-01,Facilities,Midwest,2565.18
EXP-0086,2023-05-01,Payroll,South,24910.0
EXP-0087,2023-05-01,Freight,South,2914.64
EXP-0088,2023-05-01,Marketing,South,1909.21
EXP-0089,2023-05-01,Software,South,1656.76
EXP-0090,2023-05-01,Facilities,South,2360.14
EXP-0091,2023-05-01,Payroll,West,28620.0
EXP-0092,2023-05-01,Freight,West,2481.39
EXP-0093,2023-05-01,Marketing,West,1942.24
EXP-0094,2023-05-01,Software,West,1931.68
EXP-0095,2023-05-01,Facilities,West,2265.25
EXP-0096,2023-05-01,Payroll,Northeast,30210.0
EXP-0097,2023-05-01,Freight,Northeast,3083.8
EXP-0098,2023-05-01,Marketing,Northeast,1820.96
EXP-0099,2023-05-01,Software,Northeast,1687.65
EXP-0100,2023-05-01,Facilities,Northeast,2460.4
EXP-0101,2023-06-01,Payroll,Midwest,26875.0
EXP-0102,2023-06-01,Freight,Midwest,2371.62
EXP-0103,2023-06-01,Marketing,Midwest,1594.78
EXP-0104,2023-06-01,Software,Midwest,1760.42
EXP-0105,2023-06-01,Facilities,Midwest,2468.16
EXP-0106,2023-06-01,Payroll,South,25262.5
EXP-0107,2023-06-01,Freight,South,2594.03
EXP-0108,2023-06-01,Marketing,South,1701.64
EXP-0109,2023-06-01,Software,South,1332.0
EXP-0110,2023-06-01,Facilities,South,1916.56
EXP-0111,2023-06-01,Payroll,West,29025.0
EXP-0112,2023-06-01,Freight,West,2517.74
EXP-0113,2023-06-01,Marketing,West,1672.15
EXP-0114,2023-06-01,Software,West,1761.95
EXP-0115,2023-06-01,Facilities,West,2220.84
EXP-0116,2023-06-01,Payroll,Northeast,30637.5
EXP-0117,2023-06-01,Freight,Northeast,2128.09
EXP-0118,2023-06-01,Marketing,Northeast,1807.85
EXP-0119,2023-06-01,Software,Northeast,1613.51
EXP-0120,2023-06-01,Facilities,Northeast,2215.51
EXP-0121,2023-07-01,Payroll,Midwest,25000.0
EXP-0122,2023-07-01,Freight,Midwest,2708.14
EXP-0123,2023-07-01,Marketing,Midwest,1993.65
EXP-0124,2023-07-01,Software,Midwest,1392.73
EXP-0125,2023-07-01,Facilities,Midwest,2291.91
EXP-0126,2023-07-01,Payroll,South,23500.0
EXP-0127,2023-07-01,Freight,South,2692.47
EXP-0128,2023-07-01,Marketing,South,2081.4
EXP-0129,2023-07-01,Software,South,1551.79
EXP-0130,2023-07-01,Facilities,South,2402.56
EXP-0131,2023-07-01,Payroll,West,27000.0
EXP-0132,2023-07-01,Freight,West,2567.95
EXP-0133,2023-07-01,Marketing,West,1957.67
EXP-0134,2023-07-01,Software,West,1666.42
EXP-0135,2023-07-01,Facilities,West,1942.29
EXP-0136,2023-07-01,Payroll,Northeast,28500.0
EXP-0137,2023-07-01,Freight,Northeast,2506.62
EXP-0138,2023-07-01,Marketing,Northeast,2034.91
EXP-0139,2023-07-01,Software,Northeast,1480.2
EXP-0140,2023-07-01,Facilities,Northeast,2008.94
EXP-0141,2023-08-01,Payroll,Midwest,25375.0
EXP-0142,2023-08-01,Freight,Midwest,2422.35
EXP-0143,2023-08-01,Marketing,Midwest,1862.28
EXP-0144,2023-08-01,Software,Midwest,1821.73
EXP-0145,2023-08-01,Facilities,Midwest,2348.33
EXP-0146,2023-08-01,Payroll,South,23852.5
EXP-0147,2023-08-01,Freight,South,2710.54
EXP-0148,2023-08-01,Marketing,South,2139.87
EXP-0149,2023-08-01,Software,South,1549.2
EXP-0150,2023-08-01,Facilities,South,2516.98
EXP-0151,2023-08-01,Payroll,West,27405.0
EXP-0152,2023-08-01,Freight,West,2576.24
EXP-0153,2023-08-01,Marketing,West,1949.14
EXP-0154,2023-08-01,Software,West,1446.66
EXP-0155,2023-08-01,Facilities,West,2219.04
EXP-0156,2023-08-01,Payroll,Northeast,28927.5
EXP-0157,2023-08-01,Freight,Northeast,2715.15
EXP-0158,2023-08-01,Marketing,Northeast,1697.32
EXP-0159,2023-08-01,Software,Northeast,1707.27
EXP-0160,2023-08-01,Facilities,Northeast,2074.26
EXP-0161,2023-09-01,Payroll,Midwest,25750.0
EXP-0162,2023-09-01,Freight,Midwest,2334.46
EXP-0163,2023-09-01,Marketing,Midwest,1925.13
EXP-0164,2023-09-01,Software,Midwest,1839.64
EXP-0165,2023-09-01,Facilities,Midwest,2052.4
EXP-0166,2023-09-01,Payroll,South,24205.0
EXP-0167,2023-09-01,Freight,South,2820.57
EXP-0168,2023-09-01,Marketing,South,1820.3
EXP-0169,2023-09-01,Software,South,1509.85
EXP-0170,2023-09-01,Facilities,South,2259.71
EXP-0171,2023-09-01,Payroll,West,27810.0
EXP-0172,2023-09-01,Freight,West,2767.24
EXP-0173,2023-09-01,Marketing,West,2049.1
EXP-0174,2023-09-01,Software,West,1863.89
EXP-0175,2023-09-01,Facilities,West,2103.45
EXP-0176,2023-09-01,Payroll,Northeast,29355.0
EXP-0177,2023-09-01,Freight,Northeast,2512.43
EXP-0178,2023-09-01,Marketing,Northeast,1888.82
EXP-0179,2023-09-01,Software,Northeast,1511.3
EXP-0180,2023-09-01,Facilities,Northeast,2215.73
EXP-0181,2023-10-01,Payroll,Midwest,26125.0
EXP-0182,2023-10-01,Freight,Midwest,3095.09
EXP-0183,2023-10-01,Marketing,Midwest,2141.15
EXP-0184,2023-10-01,Software,Midwest,1564.51
EXP-0185,2023-10-01,Facilities,Midwest,2223.43
EXP-0186,2023-10-01,Payroll,South,24557.5
EXP-0187,2023-10-01,Freight,South,2459.98
EXP-0188,2023-10-01,Marketing,South,2265.54
EXP-0189,2023-10-01,Software,South,1537.11
EXP-0190,2023-10-01,Facilities,South,2311.76
EXP-0191,2023-10-01,Payroll,West,28215.0
EXP-0192,2023-10-01,Freight,West,2608.72
EXP-0193,2023-10-01,Marketing,West,1836.29
EXP-0194,2023-10-01,Software,West,1922.02
EXP-0195,2023-10-01,Facilities,West,2296.79
EXP-0196,2023-10-01,Payroll,Northeast,29782.5
EXP-0197,2023-10-01,Freight,Northeast,2666.72
EXP-0198,2023-10-01,Marketing,Northeast,2281.16
EXP-0199,2023-10-01,Software,Northeast,1741.86
EXP-0200,2023-10-01,Facilities,Northeast,2640.68
EXP-0201,2023-11-01,Payroll,Midwest,26500.0
EXP-0202,2023-11-01,Freight,Midwest,2486.52
EXP-0203,2023-11-01,Marketing,Midwest,1938.47
EXP-0204,2023-11-01,Software,Midwest,1698.52
EXP-0205,2023-11-01,Facilities,Midwest,2204.84
EXP-0206,2023-11-01,Payroll,South,24910.0
EXP-0207,2023-11-01,Freight,South,2257.45
EXP-0208,2023-11-01,Marketing,South,1877.32
EXP-0209,2023-11-01,Software,South,1576.11
EXP-0210,2023-11-01,Facilities,South,2093.91
EXP-0211,2023-11-01,Payroll,West,28620.0
EXP-0212,2023-11-01,Freight,West,2327.19
EXP-0213,2023-11-01,Marketing,West,1947.32
EXP-0214,2023-11-01,Software,West,1653.46
EXP-0215,2023-11-01,Facilities,West,2021.15
EXP-0216,2023-11-01,Payroll,Northeast,30210.0
EXP-0217,2023-11-01,Freight,Northeast,2660.12
EXP-0218,2023-11-01,Marketing,Northeast,2085.61
EXP-0219,2023-11-01,Software,Northeast,1722.01
EXP-0220,2023-11-01,Facilities,Northeast,1979.42
EXP-0221,2023-12-01,Payroll,Midwest,26875.0
EXP-0222,2023-12-01,Freight,Midwest,2761.17
EXP-0223,2023-12-01,Marketing,Midwest,2068.22
EXP-0224,2023-12-01,Software,Midwest,1678.29
EXP-0225,2023-12-01,Facilities,Midwest,2151.71
EXP-0226,2023-12-01,Payroll,South,25262.5
EXP-0227,2023-12-01,Freight,South,2444.51
EXP-0228,2023-12-01,Marketing,South,1733.07
EXP-0229,2023-12-01,Software,South,1747.18
EXP-0230,2023-12-01,Facilities,South,2175.42
EXP-0231,2023-12-01,Payroll,West,29025.0
EXP-0232,2023-12-01,Freight,West,2405.6
EXP-0233,2023-12-01,Marketing,West,2035.43
EXP-0234,2023-12-01,Software,West,1801.16
EXP-0235,2023-12-01,Facilities,West,1958.47
EXP-0236,2023-12-01,Payroll,Northeast,30637.5
EXP-0237,2023-12-01,Freight,Northeast,2575.61
EXP-0238,2023-12-01,Marketing,Northeast,1933.36
EXP-0239,2023-12-01,Software,Northeast,1680.3
EXP-0240,2023-12-01,Facilities,Northeast,2156.73
EXP-0241,2024-01-01,Payroll,Midwest,25000.0
EXP-0242,2024-01-01,Freight,Midwest,2376.77
EXP-0243,2024-01-01,Marketing,Midwest,1770.88
EXP-0244,2024-01-01,Software,Midwest,1836.54
EXP-0245,2024-01-01,Facilities,Midwest,1994.9
EXP-0246,2024-01-01,Payroll,South,23500.0
EXP-0247,2024-01-01,Freight,South,2814.1
EXP-0248,2024-01-01,Marketing,South,2114.3
EXP-0249,2024-01-01,Software,South,1738.0
EXP-0250,2024-01-01,Facilities,South,2334.14
EXP-0251,2024-01-01,Payroll,West,27000.0
EXP-0252,2024-01-01,Freight,West,2956.23
EXP-0253,2024-01-01,Marketing,West,2178.18
EXP-0254,2024-01-01,Software,West,1503.67
EXP-0255,2024-01-01,Facilities,West,2460.14
EXP-0256,2024-01-01,Payroll,Northeast,28500.0
EXP-0257,2024-01-01,Freight,Northeast,2457.32
EXP-0258,2024-01-01,Marketing,Northeast,2203.6
EXP-0259,2024-01-01,Software,Northeast,1715.72
EXP-0260,2024-01-01,Facilities,Northeast,2528.98
EXP-0261,2024-02-01,Payroll,Midwest,25375.0
EXP-0262,2024-02-01,Freight,Midwest,2731.85
EXP-0263,2024-02-01,Marketing,Midwest,2178.14
EXP-0264,2024-02-01,Software,Midwest,1459.25
EXP-0265,2024-02-01,Facilities,Midwest,2518.01
EXP-0266,2024-02-01,Payroll,South,23852.5
EXP-0267,2024-02-01,Freight,South,2389.46
EXP-0268,2024-02-01,Marketing,South,2069.89
EXP-0269,2024-02-01,Software,South,1783.28
EXP-0270,2024-02-01,Facilities,South,2251.81
EXP-0271,2024-02-01,Payroll,West,27405.0
EXP-0272,2024-02-01,Freight,West,2945.22
EXP-0273,2024-02-01,Marketing,West,2231.31
EXP-0274,2024-02-01,Software,West,1848.61
EXP-0275,2024-02-01,Facilities,West,2188.64
EXP-0276,2024-02-01,Payroll,Northeast,28927.5
EXP-0277,2024-02-01,Freight,Northeast,2795.0
EXP-0278,2024-02-01,Marketing,Northeast,2240.97
EXP-0279,2024-02-01,Software,Northeast,1801.6
EXP-0280,2024-02-01,Facilities,Northeast,2137.61
EXP-0281,2024-03-01,Payroll,Midwest,25750.0
EXP-0282,2024-03-01,Freight,Midwest,2614.6
EXP-0283,2024-03-01,Marketing,Midwest,2264.63
EXP-0284,2024-03-01,Software,Midwest,1914.06
EXP-0285,2024-03-01,Facilities,Midwest,2127.58
EXP-0286,2024-03-01,Payroll,South,24205.0
EXP-0287,2024-03-01,Freight,South,2848.49
EXP-0288,2024-03-01,Marketing,South,2082.83
EXP-0289,2024-03-01,Software,South,1948.31
EXP-0290,2024-03-01,Facilities,South,2331.41
EXP-0291,2024-03-01,Payroll,West,27810.0
EXP-0292,2024-03-01,Freight,West,2759.4
EXP-0293,2024-03-01,Marketing,West,1892.25
EXP-0294,2024-03-01,Software,West,1757.62
EXP-0295,2024-03-01,Facilities,West,2142.11
EXP-0296,2024-03-01,Payroll,Northeast,29355.0
EXP-0297,2024-03-01,Freight,Northeast,2425.09
EXP-0298,2024-03-01,Marketing,Northeast,2056.5
EXP-0299,2024-03-01,Software,Northeast,1640.99
EXP-0300,2024-03-01,Facilities,Northeast,2126.63
EXP-0301,2024-04-01,Payroll,Midwest,26125.0
EXP-0302,2024-04-01,Freight,Midwest,2439.89
EXP-0303,2024-04-01,Marketing,Midwest,1670.77
EXP-0304,2024-04-01,Software,Midwest,1727.15
EXP-0305,2024-04-01,Facilities,Midwest,2348.52
EXP-0306,2024-04-01,Payroll,South,24557.5
EXP-0307,2024-04-01,Freight,South,2534.29
EXP-0308,2024-04-01,Marketing,South,1644.59
EXP-0309,2024-04-01,Software,South,1506.52
EXP-0310,2024-04-01,Facilities,South,2413.46
EXP-0311,2024-04-01,Payroll,West,28215.0
EXP-0312,2024-04-01,Freight,West,2237.09
EXP-0313,2024-04-01,Marketing,West,1903.3
EXP-0314,2024-04-01,Software,West,1351.26
EXP-0315,2024-04-01,Facilities,West,2084.25
EXP-0316,2024-04-01,Payroll,Northeast,29782.5
EXP-0317,2024-04-01,Freight,Northeast,2376.32
EXP-0318,2024-04-01,Marketing,Northeast,1654.48
EXP-0319,2024-04-01,Software,Northeast,1664.01
EXP-0320,2024-04-01,Facilities,Northeast,1910.22
EXP-0321,2024-05-01,Payroll,Midwest,26500.0
EXP-0322,2024-05-01,Freight,Midwest,2903.99
EXP-0323,2024-05-01,Marketing,Midwest,1747.83
EXP-0324,2024-05-01,Software,Midwest,1516.13
EXP-0325,2024-05-01,Facilities,Midwest,2290.5
EXP-0326,2024-05-01,Payroll,South,24910.0
EXP-0327,2024-05-01,Freight,South,2753.91
EXP-0328,2024-05-01,Marketing,South,1801.49
EXP-0329,2024-05-01,Software,South,1496.26
EXP-0330,2024-05-01,Facilities,South,2420.99
EXP-0331,2024-05-01,Payroll,West,28620.0
EXP-0332,2024-05-01,Freight,West,2404.05
EXP-0333,2024-05-01,Marketing,West,1760.92
EXP-0334,2024-05-01,Software,West,1421.47
EXP-0335,2024-05-01,Facilities,West,2276.62
EXP-0336,2024-05-01,Payroll,Northeast,30210.0
EXP-0337,2024-05-01,Freight,Northeast,2435.87
EXP-0338,2024-05-01,Marketing,Northeast,2001.16
EXP-0339,2024-05-01,Software,Northeast,1622.96
EXP-0340,2024-05-01,Facilities,Northeast,2417.29
EXP-0341,2024-06-01,Payroll,Midwest,26875.0
EXP-0342,2024-06-01,Freight,Midwest,2556.67
EXP-0343,2024-06-01,Marketing,Midwest,1884.07
EXP-0344,2024-06-01,Software,Midwest,1466.57
EXP-0345,2024-06-01,Facilities,Midwest,2226.27
EXP-0346,2024-06-01,Payroll,South,25262.5
EXP-0347,2024-06-01,Freight,South,2588.8
EXP-0348,2024-06-01,Marketing,South,2169.9
EXP-0349,2024-06-01,Software,South,1463.82
EXP-0350,2024-06-01,Facilities,South,2286.68
EXP-0351,2024-06-01,Payroll,West,29025.0
EXP-0352,2024-06-01,Freight,West,2419.74
EXP-0353,2024-06-01,Marketing,West,2001.44
EXP-0354,2024-06-01,Software,West,1765.03
EXP-0355,2024-06-01,Facilities,West,2156.15
EXP-0356,2024-06-01,Payroll,Northeast,30637.5
EXP-0357,2024-06-01,Freight,Northeast,2403.65
EXP-0358,2024-06-01,Marketing,Northeast,2158.7
EXP-0359,2024-06-01,Software,Northeast,1803.41
EXP-0360,2024-06-01,Facilities,Northeast,2218.54
EXP-0361,2024-07-01,Payroll,Midwest,25000.0
EXP-0362,2024-07-01,Freight,Midwest,2486.64
EXP-0363,2024-07-01,Marketing,Midwest,2156.49
EXP-0364,2024-07-01,Software,Midwest,1718.04
EXP-0365,2024-07-01,Facilities,Midwest,2510.64
EXP-0366,2024-07-01,Payroll,South,23500.0
EXP-0367,2024-07-01,Freight,South,2742.36
EXP-0368,2024-07-01,Marketing,South,2079.52
EXP-0369,2024-07-01,Software,South,1701.36
EXP-0370,2024-07-01,Facilities,South,2533.09
EXP-0371,2024-07-01,Payroll,West,27000.0
EXP-0372,2024-07-01,Freight,West,2809.52
EXP-0373,2024-07-01,Marketing,West,2059.94
EXP-0374,2024-07-01,Software,West,1827.85
EXP-0375,2024-07-01,Facilities,West,2597.73
EXP-0376,2024-07-01,Payroll,Northeast,28500.0
EXP-0377,2024-07-01,Freight,Northeast,2720.77
EXP-0378,2024-07-01,Marketing,Northeast,2262.79
EXP-0379,2024-07-01,Software,Northeast,1546.79
EXP-0380,2024-07-01,Facilities,Northeast,2459.12
EXP-0381,2024-08-01,Payroll,Midwest,25375.0
EXP-0382,2024-08-01,Freight,Midwest,2771.95
EXP-0383,2024-08-01,Marketing,Midwest,2170.43
EXP-0384,2024-08-01,Software,Midwest,1743.32
EXP-0385,2024-08-01,Facilities,Midwest,2490.28
EXP-0386,2024-08-01,Payroll,South,23852.5
EXP-0387,2024-08-01,Freight,South,2408.31
EXP-0388,2024-08-01,Marketing,South,1819.71
EXP-0389,2024-08-01,Software,South,1675.67
EXP-0390,2024-08-01,Facilities,South,2323.05
EXP-0391,2024-08-01,Payroll,West,27405.0
EXP-0392,2024-08-01,Freight,West,2678.93
EXP-0393,2024-08-01,Marketing,West,1884.92
EXP-0394,2024-08-01,Software,West,1899.76
EXP-0395,2024-08-01,Facilities,West,2362.73
EXP-0396,2024-08-01,Payroll,Northeast,28927.5
EXP-0397,2024-08-01,Freight,Northeast,3093.74
EXP-0398,2024-08-01,Marketing,Northeast,2036.71
EXP-0399,2024-08-01,Software,Northeast,1693.15
EXP-0400,2024-08-01,Facilities,Northeast,2307.81
EXP-0401,2024-09-01,Payroll,Midwest,25750.0
EXP-0402,2024-09-01,Freight,Midwest,2426.92
EXP-0403,2024-09-01,Marketing,Midwest,1936.57
EXP-0404,2024-09-01,Software,Midwest,1696.77
EXP-0405,2024-09-01,Facilities,Midwest,2055.09
EXP-0406,2024-09-01,Payroll,South,24205.0
EXP-0407,2024-09-01,Freight,South,2803.13
EXP-0408,2024-09-01,Marketing,South,1690.33
EXP-0409,2024-09-01,Software,South,1646.73
EXP-0410,2024-09-01,Facilities,South,2065.67
EXP-0411,2024-09-01,Payroll,West,27810.0
EXP-0412,2024-09-01,Freight,West,2192.43
EXP-0413,2024-09-01,Marketing,West,2060.67
EXP-0414,2024-09-01,Software,West,1596.39
EXP-0415,2024-09-01,Facilities,West,2210.55
EXP-0416,2024-09-01,Payroll,Northeast,29355.0
EXP-0417,2024-09-01,Freight,Northeast,2682.07
EXP-0418,2024-09-01,Marketing,Northeast,1942.95
EXP-0419,2024-09-01,Software,Northeast,1654.05
EXP-0420,2024-09-01,Facilities,Northeast,2417.27
EXP-0421,2024-10-01,Payroll,Midwest,26125.0
EXP-0422,2024-10-01,Freight,Midwest,2883.53
EXP-0423,2024-10-01,Marketing,Midwest,1884.87
EXP-0424,2024-10-01,Software,Midwest,1414.74
EXP-0425,2024-10-01,Facilities,Midwest,2058.22
EXP-0426,2024-10-01,Payroll,South,24557.5
EXP-0427,2024-10-01,Freight,South,2861.77
EXP-0428,2024-10-01,Marketing,South,2016.71
EXP-0429,2024-10-01,Software,South,1717.79
EXP-0430,2024-10-01,Facilities,South,2290.32
EXP-0431,2024-10-01,Payroll,West,28215.0
EXP-0432,2024-10-01,Freight,West,2490.45
EXP-0433,2024-10-01,Marketing,West,1871.21
EXP-0434,2024-10-01,Software,West,1788.19
EXP-0435,2024-10-01,Facilities,West,2085.52
EXP-0436,2024-10-01,Payroll,Northeast,29782.5
EXP-0437,2024-10-01,Freight,Northeast,2405.7
EXP-0438,2024-10-01,Marketing,Northeast,2062.35
EXP-0439,2024-10-01,Software,Northeast,1710.52
EXP-0440,2024-10-01,Facilities,Northeast,2245.28
EXP-0441,2024-11-01,Payroll,Midwest,26500.0
EXP-0442,2024-11-01,Freight,Midwest,2299.34
EXP-0443,2024-11-01,Marketing,Midwest,2027.61
EXP-0444,2024-11-01,Software,Midwest,1634.18
EXP-0445,2024-11-01,Facilities,Midwest,2599.9
EXP-0446,2024-11-01,Payroll,South,24910.0
EXP-0447,2024-11-01,Freight,South,2845.97
EXP-0448,2024-11-01,Marketing,South,2209.18
EXP-0449,2024-11-01,Software,South,1412.29
EXP-0450,2024-11-01,Facilities,South,2075.17
EXP-0451,2024-11-01,Payroll,West,28620.0
EXP-0452,2024-11-01,Freight,West,2762.21
EXP-0453,2024-11-01,Marketing,West,2196.49
EXP-0454,2024-11-01,Software,West,1618.21
EXP-0455,2024-11-01,Facilities,West,2320.73
EXP-0456,2024-11-01,Payroll,Northeast,30210.0
EXP-0457,2024-11-01,Freight,Northeast,2432.56
EXP-0458,2024-11-01,Marketing,Northeast,2212.33
EXP-0459,2024-11-01,Software,Northeast,1788.5
EXP-0460,2024-11-01,Facilities,Northeast,2109.18
EXP-0461,2024-12-01,Payroll,Midwest,26875.0
EXP-0462,2024-12-01,Freight,Midwest,2837.79
EXP-0463,2024-12-01,Marketing,Midwest,1865.35
EXP-0464,2024-12-01,Software,Midwest,1602.47
EXP-0465,2024-12-01,Facilities,Midwest,2483.07
EXP-0466,2024-12-01,Payroll,South,25262.5
EXP-0467,2024-12-01,Freight,South,2398.46
EXP-0468,2024-12-01,Marketing,South,2222.9
EXP-0469,2024-12-01,Software,South,1546.7
EXP-0470,2024-12-01,Facilities,South,2194.88
EXP-0471,2024-12-01,Payroll,West,29025.0
EXP-0472,2024-12-01,Freight,West,2634.47
EXP-0473,2024-12-01,Marketing,West,2167.48
EXP-0474,2024-12-01,Software,West,1598.44
EXP-0475,2024-12-01,Facilities,West,2609.16
EXP-0476,2024-12-01,Payroll,Northeast,30637.5
EXP-0477,2024-12-01,Freight,Northeast,2759.98
EXP-0478,2024-12-01,Marketing,Northeast,2223.32
EXP-0479,2024-12-01,Software,Northeast,1690.2
EXP-0480,2024-12-01,Facilities,Northeast,2635.04
EXP-0481,2025-01-01,Payroll,Midwest,25000.0
EXP-0482,2025-01-01,Freight,Midwest,2646.12
EXP-0483,2025-01-01,Marketing,Midwest,2334.73
EXP-0484,2025-01-01,Software,Midwest,1776.95
EXP-0485,2025-01-01,Facilities,Midwest,2139.41
EXP-0486,2025-01-01,Payroll,South,23500.0
EXP-0487,2025-01-01,Freight,South,2739.48
EXP-0488,2025-01-01,Marketing,South,2261.29
EXP-0489,2025-01-01,Software,South,1875.72
EXP-0490,2025-01-01,Facilities,South,2331.85
EXP-0491,2025-01-01,Payroll,West,27000.0
EXP-0492,2025-01-01,Freight,West,2853.04
EXP-0493,2025-01-01,Marketing,West,1805.3
EXP-0494,2025-01-01,Software,West,1898.74
EXP-0495,2025-01-01,Facilities,West,2637.71
EXP-0496,2025-01-01,Payroll,Northeast,28500.0
EXP-0497,2025-01-01,Freight,Northeast,2740.37
EXP-0498,2025-01-01,Marketing,Northeast,2302.94
EXP-0499,2025-01-01,Software,Northeast,1901.29
EXP-0500,2025-01-01,Facilities,Northeast,2300.93
EXP-0501,2025-02-01,Payroll,Midwest,25375.0
EXP-0502,2025-02-01,Freight,Midwest,2824.83
EXP-0503,2025-02-01,Marketing,Midwest,1671.16
EXP-0504,2025-02-01,Software,Midwest,1727.61
EXP-0505,2025-02-01,Facilities,Midwest,1869.3
EXP-0506,2025-02-01,Payroll,South,23852.5
EXP-0507,2025-02-01,Freight,South,2509.55
EXP-0508,2025-02-01,Marketing,South,1839.22
EXP-0509,2025-02-01,Software,South,1451.25
EXP-0510,2025-02-01,Facilities,South,1909.31
EXP-0511,2025-02-01,Payroll,West,27405.0
EXP-0512,2025-02-01,Freight,West,2186.98
EXP-0513,2025-02-01,Marketing,West,1703.4
EXP-0514,2025-02-01,Software,West,1560.71
EXP-0515,2025-02-01,Facilities,West,2448.86
EXP-0516,2025-02-01,Payroll,Northeast,28927.5
EXP-0517,2025-02-01,Freight,Northeast,2134.73
EXP-0518,2025-02-01,Marketing,Northeast,1756.41
EXP-0519,2025-02-01,Software,Northeast,1445.92
EXP-0520,2025-02-01,Facilities,Northeast,2213.53
EXP-0521,2025-03-01,Payroll,Midwest,25750.0
EXP-0522,2025-03-01,Freight,Midwest,2555.48
EXP-0523,2025-03-01,Marketing,Midwest,1983.02
EXP-0524,2025-03-01,Software,Midwest,1500.78
EXP-0525,2025-03-01,Facilities,Midwest,1997.04
EXP-0526,2025-03-01,Payroll,South,24205.0
EXP-0527,2025-03-01,Freight,South,2617.34
EXP-0528,2025-03-01,Marketing,South,1639.83
EXP-0529,2025-03-01,Software,South,1557.55
EXP-0530,2025-03-01,Facilities,South,2392.18
EXP-0531,2025-03-01,Payroll,West,27810.0
EXP-0532,2025-03-01,Freight,West,2218.64
EXP-0533,2025-03-01,Marketing,West,1916.82
EXP-0534,2025-03-01,Software,West,1510.34
EXP-0535,2025-03-01,Facilities,West,2275.36
EXP-0536,2025-03-01,Payroll,Northeast,29355.0
EXP-0537,2025-03-01,Freight,Northeast,2833.08
EXP-0538,2025-03-01,Marketing,Northeast,1921.41
EXP-0539,2025-03-01,Software,Northeast,1534.79
EXP-0540,2025-03-01,Facilities,Northeast,2390.02
EXP-0541,2025-04-01,Payroll,Midwest,26125.0
EXP-0542,2025-04-01,Freight,Midwest,2579.67
EXP-0543,2025-04-01,Marketing,Midwest,2222.43
EXP-0544,2025-04-01,Software,Midwest,1599.45
EXP-0545,2025-04-01,Facilities,Midwest,2368.11
EXP-0546,2025-04-01,Payroll,South,24557.5
EXP-0547,2025-04-01,Freight,South,2956.39
EXP-0548,2025-04-01,Marketing,South,2063.18
EXP-0549,2025-04-01,Software,South,1739.54
EXP-0550,2025-04-01,Facilities,South,2253.73
EXP-0551,2025-04-01,Payroll,West,28215.0
EXP-0552,2025-04-01,Freight,West,2770.25
EXP-0553,2025-04-01,Marketing,West,1925.12
EXP-0554,2025-04-01,Software,West,1519.22
EXP-0555,2025-04-01,Facilities,West,2357.17
EXP-0556,2025-04-01,Payroll,Northeast,29782.5
EXP-0557,2025-04-01,Freight,Northeast,2365.35
EXP-0558,2025-04-01,Marketing,Northeast,1698.71
EXP-0559,2025-04-01,Software,Northeast,1678.73
EXP-0560,2025-04-01,Facilities,Northeast,2440.94
EXP-0561,2025-05-01,Payroll,Midwest,26500.0
EXP-0562,2025-05-01,Freight,Midwest,2765.98
EXP-0563,2025-05-01,Marketing,Midwest,2262.19
EXP-0564,2025-05-01,Software,Midwest,1663.74
EXP-0565,2025-05-01,Facilities,Midwest,2226.23
EXP-0566,2025-05-01,Payroll,South,24910.0
EXP-0567,2025-05-01,Freight,South,2475.42
EXP-0568,2025-05-01,Marketing,South,1865.11
EXP-0569,2025-05-01,Software,South,1850.82
EXP-0570,2025-05-01,Facilities,South,2524.07
EXP-0571,2025-05-01,Payroll,West,28620.0
EXP-0572,2025-05-01,Freight,West,2347.69
EXP-0573,2025-05-01,Marketing,West,1838.65
EXP-0574,2025-05-01,Software,West,1850.12
EXP-0575,2025-05-01,Facilities,West,2165.36
EXP-0576,2025-05-01,Payroll,Northeast,30210.0
EXP-0577,2025-05-01,Freight,Northeast,2383.38
EXP-0578,2025-05-01,Marketing,Northeast,1892.13
EXP-0579,2025-05-01,Software,Northeast,1837.38
EXP-0580,2025-05-01,Facilities,Northeast,2175.67
EXP-0581,2025-06-01,Payroll,Midwest,26875.0
EXP-0582,2025-06-01,Freight,Midwest,2979.6
EXP-0583,2025-06-01,Marketing,Midwest,1880.75
EXP-0584,2025-06-01,Software,Midwest,1806.69
EXP-0585,2025-06-01,Facilities,Midwest,2633.56
EXP-0586,2025-06-01,Payroll,South,25262.5
EXP-0587,2025-06-01,Freight,South,2898.51
EXP-0588,2025-06-01,Marketing,South,1940.53
EXP-0589,2025-06-01,Software,South,1666.77
EXP-0590,2025-06-01,Facilities,South,2186.99
EXP-0591,2025-06-01,Payroll,West,29025.0
EXP-0592,2025-06-01,Freight,West,3042.63
EXP-0593,2025-06-01,Marketing,West,2039.42
EXP-0594,2025-06-01,Software,West,1807.1
EXP-0595,2025-06-01,Facilities,West,2109.64
EXP-0596,2025-06-01,Payroll,Northeast,30637.5
EXP-0597,2025-06-01,Freight,Northeast,2648.72
EXP-0598,2025-06-01,Marketing,Northeast,2246.09
EXP-0599,2025-06-01,Software,Northeast,1668.01
EXP-0600,2025-06-01,Facilities,Northeast,2318.33
EXP-0601,2025-07-01,Payroll,Midwest,25000.0
EXP-0602,2025-07-01,Freight,Midwest,2364.05
EXP-0603,2025-07-01,Marketing,Midwest,1894.04
EXP-0604,2025-07-01,Software,Midwest,1658.63
EXP-0605,2025-07-01,Facilities,Midwest,2151.84
EXP-0606,2025-07-01,Payroll,South,23500.0
EXP-0607,2025-07-01,Freight,South,2722.65
EXP-0608,2025-07-01,Marketing,South,1998.2
EXP-0609,2025-07-01,Software,South,1437.88
EXP-0610,2025-07-01,Facilities,South,1910.99
EXP-0611,2025-07-01,Payroll,West,27000.0
EXP-0612,2025-07-01,Freight,West,2236.83
EXP-0613,2025-07-01,Marketing,West,1746.9
EXP-0614,2025-07-01,Software,West,1354.82
EXP-0615,2025-07-01,Facilities,West,1966.11
EXP-0616,2025-07-01,Payroll,Northeast,28500.0
EXP-0617,2025-07-01,Freight,Northeast,2723.71
EXP-0618,2025-07-01,Marketing,Northeast,1958.7
EXP-0619,2025-07-01,Software,Northeast,1395.52
EXP-0620,2025-07-01,Facilities,Northeast,2287.99
EXP-0621,2025-08-01,Payroll,Midwest,25375.0
EXP-0622,2025-08-01,Freight,Midwest,2355.66
EXP-0623,2025-08-01,Marketing,Midwest,2126.69
EXP-0624,2025-08-01,Software,Midwest,1560.53
EXP-0625,2025-08-01,Facilities,Midwest,2173.64
EXP-0626,2025-08-01,Payroll,South,23852.5
EXP-0627,2025-08-01,Freight,South,2693.15
EXP-0628,2025-08-01,Marketing,South,1737.15
EXP-0629,2025-08-01,Software,South,1531.15
EXP-0630,2025-08-01,Facilities,South,1948.34
EXP-0631,2025-08-01,Payroll,West,27405.0
EXP-0632,2025-08-01,Freight,West,2658.87
EXP-0633,2025-08-01,Marketing,West,1788.99
EXP-0634,2025-08-01,Software,West,1727.41
EXP-0635,2025-08-01,Facilities,West,2149.24
EXP-0636,2025-08-01,Payroll,Northeast,28927.5
EXP-0637,2025-08-01,Freight,Northeast,2665.98
EXP-0638,2025-08-01,Marketing,Northeast,2042.9
EXP-0639,2025-08-01,Software,Northeast,1535.82
EXP-0640,2025-08-01,Facilities,Northeast,2467.87
EXP-0641,2025-09-01,Payroll,Midwest,25750.0
EXP-0642,2025-09-01,Freight,Midwest,2626.94
EXP-0643,2025-09-01,Marketing,Midwest,1735.29
EXP-0644,2025-09-01,Software,Midwest,1741.43
EXP-0645,2025-09-01,Facilities,Midwest,2029.43
EXP-0646,2025-09-01,Payroll,South,24205.0
EXP-0647,2025-09-01,Freight,South,2276.51
EXP-0648,2025-09-01,Marketing,South,1951.01
EXP-0649,2025-09-01,Software,South,1644.13
EXP-0650,2025-09-01,Facilities,South,1981.7
EXP-0651,2025-09-01,Payroll,West,27810.0
EXP-0652,2025-09-01,Freight,West,2895.28
EXP-0653,2025-09-01,Marketing,West,1701.74
EXP-0654,2025-09-01,Software,West,1701.68
EXP-0655,2025-09-01,Facilities,West,2095.5
EXP-0656,2025-09-01,Payroll,Northeast,29355.0
EXP-0657,2025-09-01,Freight,Northeast,2960.13
EXP-0658,2025-09-01,Marketing,Northeast,2218.6
EXP-0659,2025-09-01,Software,Northeast,1574.88
EXP-0660,2025-09-01,Facilities,Northeast,2477.57
EXP-0661,2025-10-01,Payroll,Midwest,26125.0
EXP-0662,2025-10-01,Freight,Midwest,2809.87
EXP-0663,2025-10-01,Marketing,Midwest,2002.07
EXP-0664,2025-10-01,Software,Midwest,1636.74
EXP-0665,2025-10-01,Facilities,Midwest,2240.47
EXP-0666,2025-10-01,Payroll,South,24557.5
EXP-0667,2025-10-01,Freight,South,2338.99
EXP-0668,2025-10-01,Marketing,South,2078.86
EXP-0669,2025-10-01,Software,South,1500.91
EXP-0670,2025-10-01,Facilities,South,2594.11
EXP-0671,2025-10-01,Payroll,West,28215.0
EXP-0672,2025-10-01,Freight,West,2766.45
EXP-0673,2025-10-01,Marketing,West,1749.47
EXP-0674,2025-10-01,Software,West,1530.93
EXP-0675,2025-10-01,Facilities,West,2212.76
EXP-0676,2025-10-01,Payroll,Northeast,29782.5
EXP-0677,2025-10-01,Freight,Northeast,2865.07
EXP-0678,2025-10-01,Marketing,Northeast,2206.91
EXP-0679,2025-10-01,Software,Northeast,1526.77
EXP-0680,2025-10-01,Facilities,Northeast,2566.27
EXP-0681,2025-11-01,Payroll,Midwest,26500.0
EXP-0682,2025-11-01,Freight,Midwest,2939.42
EXP-0683,2025-11-01,Marketing,Midwest,2035.54
EXP-0684,2025-11-01,Software,Midwest,1739.7
EXP-0685,2025-11-01,Facilities,Midwest,2683.5
EXP-0686,2025-11-01,Payroll,South,24910.0
EXP-0687,2025-11-01,Freight,South,2549.91
EXP-0688,2025-11-01,Marketing,South,2193.49
EXP-0689,2025-11-01,Software,South,1766.94
EXP-0690,2025-11-01,Facilities,South,2542.9
EXP-0691,2025-11-01,Payroll,West,28620.0
EXP-0692,2025-11-01,Freight,West,2549.99
EXP-0693,2025-11-01,Marketing,West,2163.21
EXP-0694,2025-11-01,Software,West,1546.4
EXP-0695,2025-11-01,Facilities,West,2659.95
EXP-0696,2025-11-01,Payroll,Northeast,30210.0
EXP-0697,2025-11-01,Freight,Northeast,2593.07
EXP-0698,2025-11-01,Marketing,Northeast,1847.41
EXP-0699,2025-11-01,Software,Northeast,1581.63
EXP-0700,2025-11-01,Facilities,Northeast,2367.06
EXP-0701,2025-12-01,Payroll,Midwest,26875.0
EXP-0702,2025-12-01,Freight,Midwest,2290.34
EXP-0703,2025-12-01,Marketing,Midwest,2040.94
EXP-0704,2025-12-01,Software,Midwest,1354.27
EXP-0705,2025-12-01,Facilities,Midwest,2230.8
EXP-0706,2025-12-01,Payroll,South,25262.5
EXP-0707,2025-12-01,Freight,South,2583.58
EXP-0708,2025-12-01,Marketing,South,1784.42
EXP-0709,2025-12-01,Software,South,1751.13
EXP-0710,2025-12-01,Facilities,South,2272.88
EXP-0711,2025-12-01,Payroll,West,29025.0
EXP-0712,2025-12-01,Freight,West,2763.55
EXP-0713,2025-12-01,Marketing,West,1724.06
EXP-0714,2025-12-01,Software,West,1494.2
EXP-0715,2025-12-01,Facilities,West,2126.06
EXP-0716,2025-12-01,Payroll,Northeast,30637.5
EXP-0717,2025-12-01,Freight,Northeast,2319.63
EXP-0718,2025-12-01,Marketing,Northeast,1603.61
EXP-0719,2025-12-01,Software,Northeast,1715.79
EXP-0720,2025-12-01,Facilities,Northeast,1861.48
