count_id,count_date,sku,location_id,system_quantity,counted_quantity
CNT000001,2024-01-01,SKU001,DC01,99,99
CNT000002,2024-01-01,SKU001,DC02,74,74
CNT000003,2024-01-01,SKU001,DC03,73,73
CNT000004,2024-01-01,SKU001,DC04,36,37
CNT000005,2024-01-01,SKU002,DC01,95,94
CNT000006,2024-01-01,SKU002,DC02,110,111
CNT000007,2024-01-01,SKU002,DC03,75,76
CNT000008,2024-01-01,SKU002,DC04,83,81
CNT000009,2024-01-01,SKU003,DC01,94,92
CNT000010,2024-01-01,SKU003,DC02,104,104
CNT000011,2024-01-01,SKU003,DC03,61,59
CNT000012,2024-01-01,SKU003,DC04,106,106
CNT000013,2024-01-01,SKU004,DC01,96,98
CNT000014,2024-01-01,SKU004,DC02,74,73
CNT000015,2024-01-01,SKU004,DC03,48,47
CNT000016,2024-01-01,SKU004,DC04,61,62
CNT000017,2024-01-01,SKU005,DC01,104,104
CNT000018,2024-01-01,SKU005,DC02,76,76
CNT000019,2024-01-01,SKU005,DC03,26,24
CNT000020,2024-01-01,SKU005,DC04,92,91
CNT000021,2024-01-01,SKU006,DC01,41,41
CNT000022,2024-01-01,SKU006,DC02,50,48
CNT000023,2024-01-01,SKU006,DC03,48,47
CNT000024,2024-01-01,SKU006,DC04,31,31
CNT000025,2024-01-01,SKU007,DC01,39,37
CNT000026,2024-01-01,SKU007,DC02,31,33
CNT000027,2024-01-01,SKU007,DC03,30,31
CNT000028,2024-01-01,SKU007,DC04,36,35
CNT000029,2024-01-01,SKU008,DC01,26,26
CNT000030,2024-01-01,SKU008,DC02,60,62
CNT000031,2024-01-01,SKU008,DC03,39,39
CNT000032,2024-01-01,SKU008,DC04,37,39
CNT000033,2024-01-01,SKU009,DC01,106,105
CNT000034,2024-01-01,SKU009,DC02,94,94
CNT000035,2024-01-01,SKU009,DC03,62,61
CNT000036,2024-01-01,SKU009,DC04,63,62
CNT000037,2024-01-01,SKU010,DC01,90,90
CNT000038,2024-01-01,SKU010,DC02,35,35
CNT000039,2024-01-01,SKU010,DC03,54,54
CNT000040,2024-01-01,SKU010,DC04,91,91
CNT000041,2024-01-01,SKU011,DC01,95,94
CNT000042,2024-01-01,SKU011,DC02,35,35
CNT000043,2024-01-01,SKU011,DC03,58,56
CNT000044,2024-01-01,SKU011,DC04,72,72
CNT000045,2024-01-01,SKU012,DC01,103,103
CNT000046,2024-01-01,SKU012,DC02,93,95
CNT000047,2024-01-01,SKU012,DC03,94,93
CNT000048,2024-01-01,SKU012,DC04,80,79
CNT000049,2024-01-01,SKU013,DC01,41,41
CNT000050,2024-01-01,SKU013,DC02,90,92
CNT000051,2024-01-01,SKU013,DC03,56,57
CNT000052,2024-01-01,SKU013,DC04,32,32
CNT000053,2024-01-01,SKU014,DC01,59,60
CNT000054,2024-01-01,SKU014,DC02,66,66
CNT000055,2024-01-01,SKU014,DC03,54,52
CNT000056,2024-01-01,SKU014,DC04,36,37
CNT000057,2024-01-01,SKU015,DC01,53,53
CNT000058,2024-01-01,SKU015,DC02,47,49
CNT000059,2024-01-01,SKU015,DC03,91,89
CNT000060,2024-01-01,SKU015,DC04,28,27
CNT000061,2024-01-01,SKU016,DC01,72,73
CNT000062,2024-01-01,SKU016,DC02,79,79
CNT000063,2024-01-01,SKU016,DC03,35,37
CNT000064,2024-01-01,SKU016,DC04,30,30
CNT000065,2024-01-01,SKU017,DC01,42,40
CNT000066,2024-01-01,SKU017,DC02,66,67
CNT000067,2024-01-01,SKU017,DC03,32,30
CNT000068,2024-01-01,SKU017,DC04,96,96
CNT000069,2024-01-01,SKU018,DC01,38,36
CNT000070,2024-01-01,SKU018,DC02,90,90
CNT000071,2024-01-01,SKU018,DC03,101,101
CNT000072,2024-01-01,SKU018,DC04,74,72
CNT000073,2024-01-01,SKU019,DC01,85,84
CNT000074,2024-01-01,SKU019,DC02,106,107
CNT000075,2024-01-01,SKU019,DC03,48,48
CNT000076,2024-01-01,SKU019,DC04,24,24
CNT000077,2024-01-01,SKU020,DC01,37,35
CNT000078,2024-01-01,SKU020,DC02,92,92
CNT000079,2024-01-01,SKU020,DC03,26,26
CNT000080,2024-01-01,SKU020,DC04,99,99
CNT000081,2024-01-01,SKU021,DC01,54,54
CNT000082,2024-01-01,SKU021,DC02,109,107
CNT000083,2024-01-01,SKU021,DC03,79,78
CNT000084,2024-01-01,SKU021,DC04,85,85
CNT000085,2024-01-01,SKU022,DC01,73,73
CNT000086,2024-01-01,SKU022,DC02,35,33
CNT000087,2024-01-01,SKU022,DC03,66,64
CNT000088,2024-01-01,SKU022,DC04,66,68
CNT000089,2024-01-01,SKU023,DC01,95,97
CNT000090,2024-01-01,SKU023,DC02,107,107
CNT000091,2024-01-01,SKU023,DC03,96,98
CNT000092,2024-01-01,SKU023,DC04,56,57
CNT000093,2024-01-01,SKU024,DC01,103,104
CNT000094,2024-01-01,SKU024,DC02,39,39
CNT000095,2024-01-01,SKU024,DC03,52,53
CNT000096,2024-01-01,SKU024,DC04,72,73
CNT000097,2024-02-01,SKU001,DC01,88,87
CNT000098,2024-02-01,SKU001,DC02,109,109
CNT000099,2024-02-01,SKU001,DC03,126,126
CNT000100,2024-02-01,SKU001,DC04,82,82
CNT000101,2024-02-01,SKU002,DC01,141,141
CNT000102,2024-02-01,SKU002,DC02,89,89
CNT000103,2024-02-01,SKU002,DC03,102,100
CNT000104,2024-02-01,SKU002,DC04,64,62
CNT000105,2024-02-01,SKU003,DC01,35,34
CNT000106,2024-02-01,SKU003,DC02,149,149
CNT000107,2024-02-01,SKU003,DC03,0,0
CNT000108,2024-02-01,SKU003,DC04,52,51
CNT000109,2024-02-01,SKU004,DC01,205,205
CNT000110,2024-02-01,SKU004,DC02,5,5
CNT000111,2024-02-01,SKU004,DC03,0,0
CNT000112,2024-02-01,SKU004,DC04,0,0
CNT000113,2024-02-01,SKU005,DC01,8,8
CNT000114,2024-02-01,SKU005,DC02,0,0
CNT000115,2024-02-01,SKU005,DC03,0,0
CNT000116,2024-02-01,SKU005,DC04,56,56
CNT000117,2024-02-01,SKU006,DC01,0,2
CNT000118,2024-02-01,SKU006,DC02,0,1
CNT000119,2024-02-01,SKU006,DC03,0,0
CNT000120,2024-02-01,SKU006,DC04,0,0
CNT000121,2024-02-01,SKU007,DC01,38,37
CNT000122,2024-02-01,SKU007,DC02,53,53
CNT000123,2024-02-01,SKU007,DC03,99,97
CNT000124,2024-02-01,SKU007,DC04,158,158
CNT000125,2024-02-01,SKU008,DC01,160,161
CNT000126,2024-02-01,SKU008,DC02,117,117
CNT000127,2024-02-01,SKU008,DC03,4,4
CNT000128,2024-02-01,SKU008,DC04,27,27
CNT000129,2024-02-01,SKU009,DC01,116,115
CNT000130,2024-02-01,SKU009,DC02,192,192
CNT000131,2024-02-01,SKU009,DC03,85,86
CNT000132,2024-02-01,SKU009,DC04,56,57
CNT000133,2024-02-01,SKU010,DC01,152,150
CNT000134,2024-02-01,SKU010,DC02,145,144
CNT000135,2024-02-01,SKU010,DC03,71,71
CNT000136,2024-02-01,SKU010,DC04,96,96
CNT000137,2024-02-01,SKU011,DC01,95,95
CNT000138,2024-02-01,SKU011,DC02,72,72
CNT000139,2024-02-01,SKU011,DC03,102,102
CNT000140,2024-02-01,SKU011,DC04,45,43
CNT000141,2024-02-01,SKU012,DC01,126,128
CNT000142,2024-02-01,SKU012,DC02,121,120
CNT000143,2024-02-01,SKU012,DC03,148,148
CNT000144,2024-02-01,SKU012,DC04,63,65
CNT000145,2024-02-01,SKU013,DC01,0,0
CNT000146,2024-02-01,SKU013,DC02,57,55
CNT000147,2024-02-01,SKU013,DC03,0,0
CNT000148,2024-02-01,SKU013,DC04,18,16
CNT000149,2024-02-01,SKU014,DC01,20,19
CNT000150,2024-02-01,SKU014,DC02,67,67
CNT000151,2024-02-01,SKU014,DC03,67,67
CNT000152,2024-02-01,SKU014,DC04,0,2
CNT000153,2024-02-01,SKU015,DC01,46,46
CNT000154,2024-02-01,SKU015,DC02,33,33
CNT000155,2024-02-01,SKU015,DC03,122,121
CNT000156,2024-02-01,SKU015,DC04,19,17
CNT000157,2024-02-01,SKU016,DC01,0,2
CNT000158,2024-02-01,SKU016,DC02,98,100
CNT000159,2024-02-01,SKU016,DC03,16,16
CNT000160,2024-02-01,SKU016,DC04,59,60
CNT000161,2024-02-01,SKU017,DC01,76,76
CNT000162,2024-02-01,SKU017,DC02,0,0
CNT000163,2024-02-01,SKU017,DC03,0,0
CNT000164,2024-02-01,SKU017,DC04,35,33
CNT000165,2024-02-01,SKU018,DC01,0,0
CNT000166,2024-02-01,SKU018,DC02,91,91
CNT000167,2024-02-01,SKU018,DC03,153,154
CNT000168,2024-02-01,SKU018,DC04,63,62
CNT000169,2024-02-01,SKU019,DC01,16,16
CNT000170,2024-02-01,SKU019,DC02,34,33
CNT000171,2024-02-01,SKU019,DC03,9,9
CNT000172,2024-02-01,SKU019,DC04,0,2
CNT000173,2024-02-01,SKU020,DC01,68,69
CNT000174,2024-02-01,SKU020,DC02,82,82
CNT000175,2024-02-01,SKU020,DC03,0,0
CNT000176,2024-02-01,SKU020,DC04,77,77
CNT000177,2024-02-01,SKU021,DC01,131,132
CNT000178,2024-02-01,SKU021,DC02,188,188
CNT000179,2024-02-01,SKU021,DC03,99,101
CNT000180,2024-02-01,SKU021,DC04,49,50
CNT000181,2024-02-01,SKU022,DC01,114,116
CNT000182,2024-02-01,SKU022,DC02,48,50
CNT000183,2024-02-01,SKU022,DC03,0,2
CNT000184,2024-02-01,SKU022,DC04,0,0
CNT000185,2024-02-01,SKU023,DC01,91,90
CNT000186,2024-02-01,SKU023,DC02,153,153
CNT000187,2024-02-01,SKU023,DC03,67,65
CNT000188,2024-02-01,SKU023,DC04,4,5
CNT000189,2024-02-01,SKU024,DC01,57,57
CNT000190,2024-02-01,SKU024,DC02,69,69
CNT000191,2024-02-01,SKU024,DC03,12,13
CNT000192,2024-02-01,SKU024,DC04,72,70
CNT000193,2024-03-01,SKU001,DC01,152,152
CNT000194,2024-03-01,SKU001,DC02,99,101
CNT000195,2024-03-01,SKU001,DC03,186,188
CNT000196,2024-03-01,SKU001,DC04,148,148
CNT000197,2024-03-01,SKU002,DC01,119,119
CNT000198,2024-03-01,SKU002,DC02,147,148
CNT000199,2024-03-01,SKU002,DC03,239,239
CNT000200,2024-03-01,SKU002,DC04,79,79
CNT000201,2024-03-01,SKU003,DC01,32,33
CNT000202,2024-03-01,SKU003,DC02,95,95
CNT000203,2024-03-01,SKU003,DC03,51,50
CNT000204,2024-03-01,SKU003,DC04,0,0
CNT000205,2024-03-01,SKU004,DC01,200,199
CNT000206,2024-03-01,SKU004,DC02,38,40
CNT000207,2024-03-01,SKU004,DC03,0,0
CNT000208,2024-03-01,SKU004,DC04,0,0
CNT000209,2024-03-01,SKU005,DC01,31,33
CNT000210,2024-03-01,SKU005,DC02,0,0
CNT000211,2024-03-01,SKU005,DC03,0,2
CNT000212,2024-03-01,SKU005,DC04,125,125
CNT000213,2024-03-01,SKU006,DC01,0,0
CNT000214,2024-03-01,SKU006,DC02,0,0
CNT000215,2024-03-01,SKU006,DC03,49,49
CNT000216,2024-03-01,SKU006,DC04,0,0
CNT000217,2024-03-01,SKU007,DC01,103,103
CNT000218,2024-03-01,SKU007,DC02,131,132
CNT000219,2024-03-01,SKU007,DC03,146,148
CNT000220,2024-03-01,SKU007,DC04,155,155
CNT000221,2024-03-01,SKU008,DC01,216,216
CNT000222,2024-03-01,SKU008,DC02,108,110
CNT000223,2024-03-01,SKU008,DC03,29,28
CNT000224,2024-03-01,SKU008,DC04,0,1
CNT000225,2024-03-01,SKU009,DC01,169,170
CNT000226,2024-03-01,SKU009,DC02,206,206
CNT000227,2024-03-01,SKU009,DC03,94,92
CNT000228,2024-03-01,SKU009,DC04,14,15
CNT000229,2024-03-01,SKU010,DC01,134,132
CNT000230,2024-03-01,SKU010,DC02,76,76
CNT000231,2024-03-01,SKU010,DC03,71,69
CNT000232,2024-03-01,SKU010,DC04,24,22
CNT000233,2024-03-01,SKU011,DC01,68,69
CNT000234,2024-03-01,SKU011,DC02,121,119
CNT000235,2024-03-01,SKU011,DC03,142,142
CNT000236,2024-03-01,SKU011,DC04,0,2
CNT000237,2024-03-01,SKU012,DC01,115,115
CNT000238,2024-03-01,SKU012,DC02,160,160
CNT000239,2024-03-01,SKU012,DC03,225,225
CNT000240,2024-03-01,SKU012,DC04,167,167
CNT000241,2024-03-01,SKU013,DC01,0,0
CNT000242,2024-03-01,SKU013,DC02,30,30
CNT000243,2024-03-01,SKU013,DC03,0,0
CNT000244,2024-03-01,SKU013,DC04,2,0
CNT000245,2024-03-01,SKU014,DC01,40,40
CNT000246,2024-03-01,SKU014,DC02,3,3
CNT000247,2024-03-01,SKU014,DC03,82,82
CNT000248,2024-03-01,SKU014,DC04,60,60
CNT000249,2024-03-01,SKU015,DC01,39,37
CNT000250,2024-03-01,SKU015,DC02,84,82
CNT000251,2024-03-01,SKU015,DC03,179,180
CNT000252,2024-03-01,SKU015,DC04,142,141
CNT000253,2024-03-01,SKU016,DC01,32,32
CNT000254,2024-03-01,SKU016,DC02,25,26
CNT000255,2024-03-01,SKU016,DC03,31,30
CNT000256,2024-03-01,SKU016,DC04,49,50
CNT000257,2024-03-01,SKU017,DC01,57,58
CNT000258,2024-03-01,SKU017,DC02,0,2
CNT000259,2024-03-01,SKU017,DC03,47,48
CNT000260,2024-03-01,SKU017,DC04,31,31
CNT000261,2024-03-01,SKU018,DC01,0,0
CNT000262,2024-03-01,SKU018,DC02,96,98
CNT000263,2024-03-01,SKU018,DC03,108,107
CNT000264,2024-03-01,SKU018,DC04,76,76
CNT000265,2024-03-01,SKU019,DC01,0,0
CNT000266,2024-03-01,SKU019,DC02,48,46
CNT000267,2024-03-01,SKU019,DC03,0,0
CNT000268,2024-03-01,SKU019,DC04,24,25
CNT000269,2024-03-01,SKU020,DC01,44,43
CNT000270,2024-03-01,SKU020,DC02,87,88
CNT000271,2024-03-01,SKU020,DC03,28,27
CNT000272,2024-03-01,SKU020,DC04,56,57
CNT000273,2024-03-01,SKU021,DC01,200,199
CNT000274,2024-03-01,SKU021,DC02,154,155
CNT000275,2024-03-01,SKU021,DC03,71,71
CNT000276,2024-03-01,SKU021,DC04,65,66
CNT000277,2024-03-01,SKU022,DC01,89,89
CNT000278,2024-03-01,SKU022,DC02,52,52
CNT000279,2024-03-01,SKU022,DC03,0,0
CNT000280,2024-03-01,SKU022,DC04,18,17
CNT000281,2024-03-01,SKU023,DC01,42,42
CNT000282,2024-03-01,SKU023,DC02,166,165
CNT000283,2024-03-01,SKU023,DC03,82,82
CNT000284,2024-03-01,SKU023,DC04,0,0
CNT000285,2024-03-01,SKU024,DC01,34,34
CNT000286,2024-03-01,SKU024,DC02,27,26
CNT000287,2024-03-01,SKU024,DC03,0,0
CNT000288,2024-03-01,SKU024,DC04,166,166
CNT000289,2024-04-01,SKU001,DC01,164,166
CNT000290,2024-04-01,SKU001,DC02,88,87
CNT000291,2024-04-01,SKU001,DC03,179,179
CNT000292,2024-04-01,SKU001,DC04,282,284
CNT000293,2024-04-01,SKU002,DC01,154,154
CNT000294,2024-04-01,SKU002,DC02,151,149
CNT000295,2024-04-01,SKU002,DC03,274,274
CNT000296,2024-04-01,SKU002,DC04,192,190
CNT000297,2024-04-01,SKU003,DC01,98,100
CNT000298,2024-04-01,SKU003,DC02,103,103
CNT000299,2024-04-01,SKU003,DC03,67,67
CNT000300,2024-04-01,SKU003,DC04,8,9
CNT000301,2024-04-01,SKU004,DC01,195,197
CNT000302,2024-04-01,SKU004,DC02,105,103
CNT000303,2024-04-01,SKU004,DC03,12,12
CNT000304,2024-04-01,SKU004,DC04,46,46
CNT000305,2024-04-01,SKU005,DC01,0,1
CNT000306,2024-04-01,SKU005,DC02,17,17
CNT000307,2024-04-01,SKU005,DC03,123,124
CNT000308,2024-04-01,SKU005,DC04,166,168
CNT000309,2024-04-01,SKU006,DC01,61,61
CNT000310,2024-04-01,SKU006,DC02,13,13
CNT000311,2024-04-01,SKU006,DC03,0,0
CNT000312,2024-04-01,SKU006,DC04,0,0
CNT000313,2024-04-01,SKU007,DC01,171,172
CNT000314,2024-04-01,SKU007,DC02,192,192
CNT000315,2024-04-01,SKU007,DC03,206,208
CNT000316,2024-04-01,SKU007,DC04,193,195
CNT000317,2024-04-01,SKU008,DC01,275,275
CNT000318,2024-04-01,SKU008,DC02,207,206
CNT000319,2024-04-01,SKU008,DC03,99,99
CNT000320,2024-04-01,SKU008,DC04,103,102
CNT000321,2024-04-01,SKU009,DC01,170,168
CNT000322,2024-04-01,SKU009,DC02,285,285
CNT000323,2024-04-01,SKU009,DC03,152,152
CNT000324,2024-04-01,SKU009,DC04,0,2
CNT000325,2024-04-01,SKU010,DC01,63,63
CNT000326,2024-04-01,SKU010,DC02,29,30
CNT000327,2024-04-01,SKU010,DC03,66,66
CNT000328,2024-04-01,SKU010,DC04,4,6
CNT000329,2024-04-01,SKU011,DC01,3,2
CNT000330,2024-04-01,SKU011,DC02,58,58
CNT000331,2024-04-01,SKU011,DC03,123,123
CNT000332,2024-04-01,SKU011,DC04,67,65
CNT000333,2024-04-01,SKU012,DC01,101,103
CNT000334,2024-04-01,SKU012,DC02,143,143
CNT000335,2024-04-01,SKU012,DC03,211,213
CNT000336,2024-04-01,SKU012,DC04,167,168
CNT000337,2024-04-01,SKU013,DC01,0,0
CNT000338,2024-04-01,SKU013,DC02,0,0
CNT000339,2024-04-01,SKU013,DC03,12,10
CNT000340,2024-04-01,SKU013,DC04,0,1
CNT000341,2024-04-01,SKU014,DC01,0,0
CNT000342,2024-04-01,SKU014,DC02,43,42
CNT000343,2024-04-01,SKU014,DC03,11,11
CNT000344,2024-04-01,SKU014,DC04,52,50
CNT000345,2024-04-01,SKU015,DC01,26,26
CNT000346,2024-04-01,SKU015,DC02,126,125
CNT000347,2024-04-01,SKU015,DC03,218,219
CNT000348,2024-04-01,SKU015,DC04,209,209
CNT000349,2024-04-01,SKU016,DC01,25,25
CNT000350,2024-04-01,SKU016,DC02,76,75
CNT000351,2024-04-01,SKU016,DC03,0,0
CNT000352,2024-04-01,SKU016,DC04,24,25
CNT000353,2024-04-01,SKU017,DC01,0,0
CNT000354,2024-04-01,SKU017,DC02,0,2
CNT000355,2024-04-01,SKU017,DC03,34,34
CNT000356,2024-04-01,SKU017,DC04,0,0
CNT000357,2024-04-01,SKU018,DC01,8,7
CNT000358,2024-04-01,SKU018,DC02,110,111
CNT000359,2024-04-01,SKU018,DC03,51,52
CNT000360,2024-04-01,SKU018,DC04,70,68
CNT000361,2024-04-01,SKU019,DC01,67,67
CNT000362,2024-04-01,SKU019,DC02,70,71
CNT000363,2024-04-01,SKU019,DC03,0,0
CNT000364,2024-04-01,SKU019,DC04,16,14
CNT000365,2024-04-01,SKU020,DC01,0,1
CNT000366,2024-04-01,SKU020,DC02,51,51
CNT000367,2024-04-01,SKU020,DC03,0,0
CNT000368,2024-04-01,SKU020,DC04,105,106
CNT000369,2024-04-01,SKU021,DC01,162,163
CNT000370,2024-04-01,SKU021,DC02,121,123
CNT000371,2024-04-01,SKU021,DC03,64,63
CNT000372,2024-04-01,SKU021,DC04,127,129
CNT000373,2024-04-01,SKU022,DC01,0,0
CNT000374,2024-04-01,SKU022,DC02,0,2
CNT000375,2024-04-01,SKU022,DC03,49,49
CNT000376,2024-04-01,SKU022,DC04,0,0
CNT000377,2024-04-01,SKU023,DC01,145,144
CNT000378,2024-04-01,SKU023,DC02,110,111
CNT000379,2024-04-01,SKU023,DC03,30,31
CNT000380,2024-04-01,SKU023,DC04,0,0
CNT000381,2024-04-01,SKU024,DC01,102,102
CNT000382,2024-04-01,SKU024,DC02,0,0
CNT000383,2024-04-01,SKU024,DC03,41,43
CNT000384,2024-04-01,SKU024,DC04,191,189
CNT000385,2024-05-01,SKU001,DC01,202,202
CNT000386,2024-05-01,SKU001,DC02,79,79
CNT000387,2024-05-01,SKU001,DC03,174,174
CNT000388,2024-05-01,SKU001,DC04,336,336
CNT000389,2024-05-01,SKU002,DC01,133,132
CNT000390,2024-05-01,SKU002,DC02,130,129
CNT000391,2024-05-01,SKU002,DC03,411,411
CNT000392,2024-05-01,SKU002,DC04,338,336
CNT000393,2024-05-01,SKU003,DC01,77,77
CNT000394,2024-05-01,SKU003,DC02,41,39
CNT000395,2024-05-01,SKU003,DC03,10,11
CNT000396,2024-05-01,SKU003,DC04,0,0
CNT000397,2024-05-01,SKU004,DC01,203,203
CNT000398,2024-05-01,SKU004,DC02,89,89
CNT000399,2024-05-01,SKU004,DC03,0,0
CNT000400,2024-05-01,SKU004,DC04,103,103
CNT000401,2024-05-01,SKU005,DC01,0,0
CNT000402,2024-05-01,SKU005,DC02,82,81
CNT000403,2024-05-01,SKU005,DC03,38,38
CNT000404,2024-05-01,SKU005,DC04,91,91
CNT000405,2024-05-01,SKU006,DC01,0,1
CNT000406,2024-05-01,SKU006,DC02,97,97
CNT000407,2024-05-01,SKU006,DC03,68,68
CNT000408,2024-05-01,SKU006,DC04,83,83
CNT000409,2024-05-01,SKU007,DC01,228,229
CNT000410,2024-05-01,SKU007,DC02,191,192
CNT000411,2024-05-01,SKU007,DC03,204,204
CNT000412,2024-05-01,SKU007,DC04,190,190
CNT000413,2024-05-01,SKU008,DC01,240,242
CNT000414,2024-05-01,SKU008,DC02,238,238
CNT000415,2024-05-01,SKU008,DC03,63,63
CNT000416,2024-05-01,SKU008,DC04,74,72
CNT000417,2024-05-01,SKU009,DC01,126,127
CNT000418,2024-05-01,SKU009,DC02,327,329
CNT000419,2024-05-01,SKU009,DC03,163,164
CNT000420,2024-05-01,SKU009,DC04,9,9
CNT000421,2024-05-01,SKU010,DC01,47,47
CNT000422,2024-05-01,SKU010,DC02,0,0
CNT000423,2024-05-01,SKU010,DC03,17,18
CNT000424,2024-05-01,SKU010,DC04,0,0
CNT000425,2024-05-01,SKU011,DC01,85,85
CNT000426,2024-05-01,SKU011,DC02,35,33
CNT000427,2024-05-01,SKU011,DC03,83,81
CNT000428,2024-05-01,SKU011,DC04,117,115
CNT000429,2024-05-01,SKU012,DC01,145,147
CNT000430,2024-05-01,SKU012,DC02,121,122
CNT000431,2024-05-01,SKU012,DC03,195,197
CNT000432,2024-05-01,SKU012,DC04,164,164
CNT000433,2024-05-01,SKU013,DC01,0,0
CNT000434,2024-05-01,SKU013,DC02,0,0
CNT000435,2024-05-01,SKU013,DC03,0,1
CNT000436,2024-05-01,SKU013,DC04,0,2
CNT000437,2024-05-01,SKU014,DC01,16,16
CNT000438,2024-05-01,SKU014,DC02,0,2
CNT000439,2024-05-01,SKU014,DC03,53,53
CNT000440,2024-05-01,SKU014,DC04,153,153
CNT000441,2024-05-01,SKU015,DC01,20,20
CNT000442,2024-05-01,SKU015,DC02,113,115
CNT000443,2024-05-01,SKU015,DC03,207,206
CNT000444,2024-05-01,SKU015,DC04,295,296
CNT000445,2024-05-01,SKU016,DC01,47,47
CNT000446,2024-05-01,SKU016,DC02,4,2
CNT000447,2024-05-01,SKU016,DC03,27,27
CNT000448,2024-05-01,SKU016,DC04,1,1
CNT000449,2024-05-01,SKU017,DC01,0,0
CNT000450,2024-05-01,SKU017,DC02,37,39
CNT000451,2024-05-01,SKU017,DC03,60,59
CNT000452,2024-05-01,SKU017,DC04,10,8
CNT000453,2024-05-01,SKU018,DC01,18,16
CNT000454,2024-05-01,SKU018,DC02,96,94
CNT000455,2024-05-01,SKU018,DC03,84,86
CNT000456,2024-05-01,SKU018,DC04,15,15
CNT000457,2024-05-01,SKU019,DC01,0,1
CNT000458,2024-05-01,SKU019,DC02,138,136
CNT000459,2024-05-01,SKU019,DC03,33,33
CNT000460,2024-05-01,SKU019,DC04,0,0
CNT000461,2024-05-01,SKU020,DC01,32,32
CNT000462,2024-05-01,SKU020,DC02,0,0
CNT000463,2024-05-01,SKU020,DC03,0,0
CNT000464,2024-05-01,SKU020,DC04,103,104
CNT000465,2024-05-01,SKU021,DC01,234,236
CNT000466,2024-05-01,SKU021,DC02,194,192
CNT000467,2024-05-01,SKU021,DC03,30,29
CNT000468,2024-05-01,SKU021,DC04,111,110
CNT000469,2024-05-01,SKU022,DC01,0,0
CNT000470,2024-05-01,SKU022,DC02,0,0
CNT000471,2024-05-01,SKU022,DC03,12,13
CNT000472,2024-05-01,SKU022,DC04,12,12
CNT000473,2024-05-01,SKU023,DC01,110,110
CNT000474,2024-05-01,SKU023,DC02,113,111
CNT000475,2024-05-01,SKU023,DC03,73,74
CNT000476,2024-05-01,SKU023,DC04,0,0
CNT000477,2024-05-01,SKU024,DC01,62,60
CNT000478,2024-05-01,SKU024,DC02,0,1
CNT000479,2024-05-01,SKU024,DC03,136,137
CNT000480,2024-05-01,SKU024,DC04,209,209
CNT000481,2024-06-01,SKU001,DC01,188,187
CNT000482,2024-06-01,SKU001,DC02,112,113
CNT000483,2024-06-01,SKU001,DC03,230,231
CNT000484,2024-06-01,SKU001,DC04,359,359
CNT000485,2024-06-01,SKU002,DC01,237,238
CNT000486,2024-06-01,SKU002,DC02,142,144
CNT000487,2024-06-01,SKU002,DC03,391,391
CNT000488,2024-06-01,SKU002,DC04,331,331
CNT000489,2024-06-01,SKU003,DC01,76,75
CNT000490,2024-06-01,SKU003,DC02,33,33
CNT000491,2024-06-01,SKU003,DC03,0,2
CNT000492,2024-06-01,SKU003,DC04,41,41
CNT000493,2024-06-01,SKU004,DC01,210,211
CNT000494,2024-06-01,SKU004,DC02,105,104
CNT000495,2024-06-01,SKU004,DC03,0,2
CNT000496,2024-06-01,SKU004,DC04,116,118
CNT000497,2024-06-01,SKU005,DC01,12,12
CNT000498,2024-06-01,SKU005,DC02,40,38
CNT000499,2024-06-01,SKU005,DC03,21,21
CNT000500,2024-06-01,SKU005,DC04,34,34
CNT000501,2024-06-01,SKU006,DC01,0,1
CNT000502,2024-06-01,SKU006,DC02,118,117
CNT000503,2024-06-01,SKU006,DC03,0,2
CNT000504,2024-06-01,SKU006,DC04,81,83
CNT000505,2024-06-01,SKU007,DC01,375,375
CNT000506,2024-06-01,SKU007,DC02,255,256
CNT000507,2024-06-01,SKU007,DC03,411,411
CNT000508,2024-06-01,SKU007,DC04,240,242
CNT000509,2024-06-01,SKU008,DC01,224,224
CNT000510,2024-06-01,SKU008,DC02,202,203
CNT000511,2024-06-01,SKU008,DC03,26,26
CNT000512,2024-06-01,SKU008,DC04,112,114
CNT000513,2024-06-01,SKU009,DC01,139,139
CNT000514,2024-06-01,SKU009,DC02,318,318
CNT000515,2024-06-01,SKU009,DC03,138,136
CNT000516,2024-06-01,SKU009,DC04,146,148
CNT000517,2024-06-01,SKU010,DC01,39,39
CNT000518,2024-06-01,SKU010,DC02,0,2
CNT000519,2024-06-01,SKU010,DC03,0,0
CNT000520,2024-06-01,SKU010,DC04,0,0
CNT000521,2024-06-01,SKU011,DC01,64,65
CNT000522,2024-06-01,SKU011,DC02,23,23
CNT000523,2024-06-01,SKU011,DC03,84,85
CNT000524,2024-06-01,SKU011,DC04,87,87
CNT000525,2024-06-01,SKU012,DC01,125,124
CNT000526,2024-06-01,SKU012,DC02,102,102
CNT000527,2024-06-01,SKU012,DC03,239,239
CNT000528,2024-06-01,SKU012,DC04,275,274
CNT000529,2024-06-01,SKU013,DC01,20,20
CNT000530,2024-06-01,SKU013,DC02,0,0
CNT000531,2024-06-01,SKU013,DC03,44,45
CNT000532,2024-06-01,SKU013,DC04,112,110
CNT000533,2024-06-01,SKU014,DC01,0,0
CNT000534,2024-06-01,SKU014,DC02,0,0
CNT000535,2024-06-01,SKU014,DC03,119,117
CNT000536,2024-06-01,SKU014,DC04,75,74
CNT000537,2024-06-01,SKU015,DC01,11,11
CNT000538,2024-06-01,SKU015,DC02,152,151
CNT000539,2024-06-01,SKU015,DC03,191,191
CNT000540,2024-06-01,SKU015,DC04,286,285
CNT000541,2024-06-01,SKU016,DC01,0,1
CNT000542,2024-06-01,SKU016,DC02,0,0
CNT000543,2024-06-01,SKU016,DC03,41,41
CNT000544,2024-06-01,SKU016,DC04,53,53
CNT000545,2024-06-01,SKU017,DC01,26,25
CNT000546,2024-06-01,SKU017,DC02,23,21
CNT000547,2024-06-01,SKU017,DC03,0,0
CNT000548,2024-06-01,SKU017,DC04,8,8
CNT000549,2024-06-01,SKU018,DC01,47,47
CNT000550,2024-06-01,SKU018,DC02,133,133
CNT000551,2024-06-01,SKU018,DC03,93,93
CNT000552,2024-06-01,SKU018,DC04,101,100
CNT000553,2024-06-01,SKU019,DC01,5,5
CNT000554,2024-06-01,SKU019,DC02,132,132
CNT000555,2024-06-01,SKU019,DC03,0,0
CNT000556,2024-06-01,SKU019,DC04,155,153
CNT000557,2024-06-01,SKU020,DC01,38,39
CNT000558,2024-06-01,SKU020,DC02,0,0
CNT000559,2024-06-01,SKU020,DC03,0,0
CNT000560,2024-06-01,SKU020,DC04,107,106
CNT000561,2024-06-01,SKU021,DC01,368,367
CNT000562,2024-06-01,SKU021,DC02,158,158
CNT000563,2024-06-01,SKU021,DC03,48,48
CNT000564,2024-06-01,SKU021,DC04,84,86
CNT000565,2024-06-01,SKU022,DC01,0,0
CNT000566,2024-06-01,SKU022,DC02,0,0
CNT000567,2024-06-01,SKU022,DC03,15,17
CNT000568,2024-06-01,SKU022,DC04,0,2
CNT000569,2024-06-01,SKU023,DC01,103,103
CNT000570,2024-06-01,SKU023,DC02,118,118
CNT000571,2024-06-01,SKU023,DC03,38,38
CNT000572,2024-06-01,SKU023,DC04,0,0
CNT000573,2024-06-01,SKU024,DC01,65,65
CNT000574,2024-06-01,SKU024,DC02,0,0
CNT000575,2024-06-01,SKU024,DC03,81,79
CNT000576,2024-06-01,SKU024,DC04,188,186
CNT000577,2024-07-01,SKU001,DC01,177,175
CNT000578,2024-07-01,SKU001,DC02,104,104
CNT000579,2024-07-01,SKU001,DC03,235,236
CNT000580,2024-07-01,SKU001,DC04,347,347
CNT000581,2024-07-01,SKU002,DC01,217,219
CNT000582,2024-07-01,SKU002,DC02,116,118
CNT000583,2024-07-01,SKU002,DC03,532,532
CNT000584,2024-07-01,SKU002,DC04,309,307
CNT000585,2024-07-01,SKU003,DC01,62,64
CNT000586,2024-07-01,SKU003,DC02,0,0
CNT000587,2024-07-01,SKU003,DC03,4,4
CNT000588,2024-07-01,SKU003,DC04,0,0
CNT000589,2024-07-01,SKU004,DC01,218,220
CNT000590,2024-07-01,SKU004,DC02,35,35
CNT000591,2024-07-01,SKU004,DC03,13,13
CNT000592,2024-07-01,SKU004,DC04,52,51
CNT000593,2024-07-01,SKU005,DC01,0,0
CNT000594,2024-07-01,SKU005,DC02,32,30
CNT000595,2024-07-01,SKU005,DC03,0,0
CNT000596,2024-07-01,SKU005,DC04,87,87
CNT000597,2024-07-01,SKU006,DC01,0,0
CNT000598,2024-07-01,SKU006,DC02,71,71
CNT000599,2024-07-01,SKU006,DC03,0,1
CNT000600,2024-07-01,SKU006,DC04,1,1
CNT000601,2024-07-01,SKU007,DC01,496,496
CNT000602,2024-07-01,SKU007,DC02,254,254
CNT000603,2024-07-01,SKU007,DC03,447,447
CNT000604,2024-07-01,SKU007,DC04,272,273
CNT000605,2024-07-01,SKU008,DC01,187,187
CNT000606,2024-07-01,SKU008,DC02,281,282
CNT000607,2024-07-01,SKU008,DC03,96,94
CNT000608,2024-07-01,SKU008,DC04,143,143
CNT000609,2024-07-01,SKU009,DC01,94,94
CNT000610,2024-07-01,SKU009,DC02,305,304
CNT000611,2024-07-01,SKU009,DC03,99,100
CNT000612,2024-07-01,SKU009,DC04,98,96
CNT000613,2024-07-01,SKU010,DC01,67,69
CNT000614,2024-07-01,SKU010,DC02,0,0
CNT000615,2024-07-01,SKU010,DC03,33,34
CNT000616,2024-07-01,SKU010,DC04,7,8
CNT000617,2024-07-01,SKU011,DC01,12,12
CNT000618,2024-07-01,SKU011,DC02,56,55
CNT000619,2024-07-01,SKU011,DC03,21,20
CNT000620,2024-07-01,SKU011,DC04,72,73
CNT000621,2024-07-01,SKU012,DC01,170,170
CNT000622,2024-07-01,SKU012,DC02,113,114
CNT000623,2024-07-01,SKU012,DC03,331,330
CNT000624,2024-07-01,SKU012,DC04,300,302
CNT000625,2024-07-01,SKU013,DC01,0,0
CNT000626,2024-07-01,SKU013,DC02,83,85
CNT000627,2024-07-01,SKU013,DC03,40,39
CNT000628,2024-07-01,SKU013,DC04,94,94
CNT000629,2024-07-01,SKU014,DC01,0,0
CNT000630,2024-07-01,SKU014,DC02,0,1
CNT000631,2024-07-01,SKU014,DC03,50,49
CNT000632,2024-07-01,SKU014,DC04,10,10
CNT000633,2024-07-01,SKU015,DC01,39,41
CNT000634,2024-07-01,SKU015,DC02,206,208
CNT000635,2024-07-01,SKU015,DC03,232,232
CNT000636,2024-07-01,SKU015,DC04,315,315
CNT000637,2024-07-01,SKU016,DC01,0,0
CNT000638,2024-07-01,SKU016,DC02,47,47
CNT000639,2024-07-01,SKU016,DC03,39,39
CNT000640,2024-07-01,SKU016,DC04,0,0
CNT000641,2024-07-01,SKU017,DC01,9,9
CNT000642,2024-07-01,SKU017,DC02,24,22
CNT000643,2024-07-01,SKU017,DC03,0,0
CNT000644,2024-07-01,SKU017,DC04,23,24
CNT000645,2024-07-01,SKU018,DC01,125,124
CNT000646,2024-07-01,SKU018,DC02,204,204
CNT000647,2024-07-01,SKU018,DC03,40,41
CNT000648,2024-07-01,SKU018,DC04,203,203
CNT000649,2024-07-01,SKU019,DC01,15,14
CNT000650,2024-07-01,SKU019,DC02,110,108
CNT000651,2024-07-01,SKU019,DC03,0,0
CNT000652,2024-07-01,SKU019,DC04,86,84
CNT000653,2024-07-01,SKU020,DC01,32,30
CNT000654,2024-07-01,SKU020,DC02,0,0
CNT000655,2024-07-01,SKU020,DC03,45,47
CNT000656,2024-07-01,SKU020,DC04,107,106
CNT000657,2024-07-01,SKU021,DC01,341,341
CNT000658,2024-07-01,SKU021,DC02,239,238
CNT000659,2024-07-01,SKU021,DC03,11,10
CNT000660,2024-07-01,SKU021,DC04,126,126
CNT000661,2024-07-01,SKU022,DC01,0,0
CNT000662,2024-07-01,SKU022,DC02,27,25
CNT000663,2024-07-01,SKU022,DC03,26,24
CNT000664,2024-07-01,SKU022,DC04,73,74
CNT000665,2024-07-01,SKU023,DC01,167,168
CNT000666,2024-07-01,SKU023,DC02,80,79
CNT000667,2024-07-01,SKU023,DC03,170,170
CNT000668,2024-07-01,SKU023,DC04,60,60
CNT000669,2024-07-01,SKU024,DC01,18,20
CNT000670,2024-07-01,SKU024,DC02,0,0
CNT000671,2024-07-01,SKU024,DC03,58,58
CNT000672,2024-07-01,SKU024,DC04,229,230
CNT000673,2024-08-01,SKU001,DC01,195,196
CNT000674,2024-08-01,SKU001,DC02,153,151
CNT000675,2024-08-01,SKU001,DC03,244,244
CNT000676,2024-08-01,SKU001,DC04,393,394
CNT000677,2024-08-01,SKU002,DC01,229,228
CNT000678,2024-08-01,SKU002,DC02,131,132
CNT000679,2024-08-01,SKU002,DC03,586,586
CNT000680,2024-08-01,SKU002,DC04,283,283
CNT000681,2024-08-01,SKU003,DC01,4,5
CNT000682,2024-08-01,SKU003,DC02,0,0
CNT000683,2024-08-01,SKU003,DC03,0,2
CNT000684,2024-08-01,SKU003,DC04,0,0
CNT000685,2024-08-01,SKU004,DC01,177,177
CNT000686,2024-08-01,SKU004,DC02,0,1
CNT000687,2024-08-01,SKU004,DC03,133,135
CNT000688,2024-08-01,SKU004,DC04,0,0
CNT000689,2024-08-01,SKU005,DC01,20,22
CNT000690,2024-08-01,SKU005,DC02,69,69
CNT000691,2024-08-01,SKU005,DC03,0,0
CNT000692,2024-08-01,SKU005,DC04,7,8
CNT000693,2024-08-01,SKU006,DC01,0,0
CNT000694,2024-08-01,SKU006,DC02,0,2
CNT000695,2024-08-01,SKU006,DC03,0,2
CNT000696,2024-08-01,SKU006,DC04,171,171
CNT000697,2024-08-01,SKU007,DC01,555,555
CNT000698,2024-08-01,SKU007,DC02,297,298
CNT000699,2024-08-01,SKU007,DC03,487,486
CNT000700,2024-08-01,SKU007,DC04,268,266
CNT000701,2024-08-01,SKU008,DC01,153,151
CNT000702,2024-08-01,SKU008,DC02,243,243
CNT000703,2024-08-01,SKU008,DC03,83,83
CNT000704,2024-08-01,SKU008,DC04,105,104
CNT000705,2024-08-01,SKU009,DC01,168,169
CNT000706,2024-08-01,SKU009,DC02,261,262
CNT000707,2024-08-01,SKU009,DC03,99,98
CNT000708,2024-08-01,SKU009,DC04,57,59
CNT000709,2024-08-01,SKU010,DC01,1,0
CNT000710,2024-08-01,SKU010,DC02,23,22
CNT000711,2024-08-01,SKU010,DC03,34,34
CNT000712,2024-08-01,SKU010,DC04,14,15
CNT000713,2024-08-01,SKU011,DC01,59,61
CNT000714,2024-08-01,SKU011,DC02,34,34
CNT000715,2024-08-01,SKU011,DC03,0,0
CNT000716,2024-08-01,SKU011,DC04,62,61
CNT000717,2024-08-01,SKU012,DC01,200,200
CNT000718,2024-08-01,SKU012,DC02,98,98
CNT000719,2024-08-01,SKU012,DC03,359,359
CNT000720,2024-08-01,SKU012,DC04,283,283
CNT000721,2024-08-01,SKU013,DC01,51,51
CNT000722,2024-08-01,SKU013,DC02,33,33
CNT000723,2024-08-01,SKU013,DC03,0,0
CNT000724,2024-08-01,SKU013,DC04,66,67
CNT000725,2024-08-01,SKU014,DC01,97,96
CNT000726,2024-08-01,SKU014,DC02,0,1
CNT000727,2024-08-01,SKU014,DC03,80,80
CNT000728,2024-08-01,SKU014,DC04,14,15
CNT000729,2024-08-01,SKU015,DC01,87,85
CNT000730,2024-08-01,SKU015,DC02,220,222
CNT000731,2024-08-01,SKU015,DC03,222,220
CNT000732,2024-08-01,SKU015,DC04,301,301
CNT000733,2024-08-01,SKU016,DC01,0,1
CNT000734,2024-08-01,SKU016,DC02,54,54
CNT000735,2024-08-01,SKU016,DC03,0,1
CNT000736,2024-08-01,SKU016,DC04,0,0
CNT000737,2024-08-01,SKU017,DC01,15,15
CNT000738,2024-08-01,SKU017,DC02,0,0
CNT000739,2024-08-01,SKU017,DC03,57,56
CNT000740,2024-08-01,SKU017,DC04,16,15
CNT000741,2024-08-01,SKU018,DC01,123,123
CNT000742,2024-08-01,SKU018,DC02,148,147
CNT000743,2024-08-01,SKU018,DC03,33,33
CNT000744,2024-08-01,SKU018,DC04,149,149
CNT000745,2024-08-01,SKU019,DC01,0,0
CNT000746,2024-08-01,SKU019,DC02,140,140
CNT000747,2024-08-01,SKU019,DC03,51,50
CNT000748,2024-08-01,SKU019,DC04,17,18
CNT000749,2024-08-01,SKU020,DC01,67,65
CNT000750,2024-08-01,SKU020,DC02,58,57
CNT000751,2024-08-01,SKU020,DC03,30,30
CNT000752,2024-08-01,SKU020,DC04,137,139
CNT000753,2024-08-01,SKU021,DC01,307,308
CNT000754,2024-08-01,SKU021,DC02,317,317
CNT000755,2024-08-01,SKU021,DC03,2,4
CNT000756,2024-08-01,SKU021,DC04,110,109
CNT000757,2024-08-01,SKU022,DC01,0,0
CNT000758,2024-08-01,SKU022,DC02,0,0
CNT000759,2024-08-01,SKU022,DC03,36,36
CNT000760,2024-08-01,SKU022,DC04,0,2
CNT000761,2024-08-01,SKU023,DC01,106,106
CNT000762,2024-08-01,SKU023,DC02,110,111
CNT000763,2024-08-01,SKU023,DC03,137,136
CNT000764,2024-08-01,SKU023,DC04,77,77
CNT000765,2024-08-01,SKU024,DC01,50,50
CNT000766,2024-08-01,SKU024,DC02,0,0
CNT000767,2024-08-01,SKU024,DC03,83,83
CNT000768,2024-08-01,SKU024,DC04,184,184
CNT000769,2024-09-01,SKU001,DC01,187,186
CNT000770,2024-09-01,SKU001,DC02,233,231
CNT000771,2024-09-01,SKU001,DC03,255,253
CNT000772,2024-09-01,SKU001,DC04,602,604
CNT000773,2024-09-01,SKU002,DC01,262,262
CNT000774,2024-09-01,SKU002,DC02,173,173
CNT000775,2024-09-01,SKU002,DC03,605,605
CNT000776,2024-09-01,SKU002,DC04,309,310
CNT000777,2024-09-01,SKU003,DC01,47,47
CNT000778,2024-09-01,SKU003,DC02,18,18
CNT000779,2024-09-01,SKU003,DC03,50,50
CNT000780,2024-09-01,SKU003,DC04,14,13
CNT000781,2024-09-01,SKU004,DC01,104,103
CNT000782,2024-09-01,SKU004,DC02,1,2
CNT000783,2024-09-01,SKU004,DC03,76,74
CNT000784,2024-09-01,SKU004,DC04,8,8
CNT000785,2024-09-01,SKU005,DC01,0,1
CNT000786,2024-09-01,SKU005,DC02,0,0
CNT000787,2024-09-01,SKU005,DC03,0,0
CNT000788,2024-09-01,SKU005,DC04,0,0
CNT000789,2024-09-01,SKU006,DC01,24,22
CNT000790,2024-09-01,SKU006,DC02,100,101
CNT000791,2024-09-01,SKU006,DC03,0,1
CNT000792,2024-09-01,SKU006,DC04,152,153
CNT000793,2024-09-01,SKU007,DC01,655,656
CNT000794,2024-09-01,SKU007,DC02,296,298
CNT000795,2024-09-01,SKU007,DC03,486,486
CNT000796,2024-09-01,SKU007,DC04,322,323
CNT000797,2024-09-01,SKU008,DC01,168,166
CNT000798,2024-09-01,SKU008,DC02,203,202
CNT000799,2024-09-01,SKU008,DC03,160,159
CNT000800,2024-09-01,SKU008,DC04,116,117
CNT000801,2024-09-01,SKU009,DC01,122,121
CNT000802,2024-09-01,SKU009,DC02,217,217
CNT000803,2024-09-01,SKU009,DC03,134,135
CNT000804,2024-09-01,SKU009,DC04,69,70
CNT000805,2024-09-01,SKU010,DC01,33,35
CNT000806,2024-09-01,SKU010,DC02,0,0
CNT000807,2024-09-01,SKU010,DC03,86,85
CNT000808,2024-09-01,SKU010,DC04,70,72
CNT000809,2024-09-01,SKU011,DC01,12,14
CNT000810,2024-09-01,SKU011,DC02,58,59
CNT000811,2024-09-01,SKU011,DC03,73,73
CNT000812,2024-09-01,SKU011,DC04,103,103
CNT000813,2024-09-01,SKU012,DC01,213,212
CNT000814,2024-09-01,SKU012,DC02,102,102
CNT000815,2024-09-01,SKU012,DC03,414,414
CNT000816,2024-09-01,SKU012,DC04,493,493
CNT000817,2024-09-01,SKU013,DC01,37,38
CNT000818,2024-09-01,SKU013,DC02,48,49
CNT000819,2024-09-01,SKU013,DC03,0,0
CNT000820,2024-09-01,SKU013,DC04,86,88
CNT000821,2024-09-01,SKU014,DC01,95,97
CNT000822,2024-09-01,SKU014,DC02,0,2
CNT000823,2024-09-01,SKU014,DC03,67,67
CNT000824,2024-09-01,SKU014,DC04,56,56
CNT000825,2024-09-01,SKU015,DC01,74,76
CNT000826,2024-09-01,SKU015,DC02,256,257
CNT000827,2024-09-01,SKU015,DC03,214,212
CNT000828,2024-09-01,SKU015,DC04,288,288
CNT000829,2024-09-01,SKU016,DC01,0,1
CNT000830,2024-09-01,SKU016,DC02,0,0
CNT000831,2024-09-01,SKU016,DC03,74,76
CNT000832,2024-09-01,SKU016,DC04,13,15
CNT000833,2024-09-01,SKU017,DC01,57,59
CNT000834,2024-09-01,SKU017,DC02,45,45
CNT000835,2024-09-01,SKU017,DC03,0,0
CNT000836,2024-09-01,SKU017,DC04,0,0
CNT000837,2024-09-01,SKU018,DC01,296,295
CNT000838,2024-09-01,SKU018,DC02,153,154
CNT000839,2024-09-01,SKU018,DC03,187,187
CNT000840,2024-09-01,SKU018,DC04,95,94
CNT000841,2024-09-01,SKU019,DC01,35,33
CNT000842,2024-09-01,SKU019,DC02,114,113
CNT000843,2024-09-01,SKU019,DC03,114,116
CNT000844,2024-09-01,SKU019,DC04,0,0
CNT000845,2024-09-01,SKU020,DC01,55,57
CNT000846,2024-09-01,SKU020,DC02,113,113
CNT000847,2024-09-01,SKU020,DC03,68,66
CNT000848,2024-09-01,SKU020,DC04,101,99
CNT000849,2024-09-01,SKU021,DC01,273,273
CNT000850,2024-09-01,SKU021,DC02,343,343
CNT000851,2024-09-01,SKU021,DC03,111,113
CNT000852,2024-09-01,SKU021,DC04,118,116
CNT000853,2024-09-01,SKU022,DC01,90,90
CNT000854,2024-09-01,SKU022,DC02,0,0
CNT000855,2024-09-01,SKU022,DC03,0,2
CNT000856,2024-09-01,SKU022,DC04,0,0
CNT000857,2024-09-01,SKU023,DC01,148,148
CNT000858,2024-09-01,SKU023,DC02,263,263
CNT000859,2024-09-01,SKU023,DC03,71,73
CNT000860,2024-09-01,SKU023,DC04,21,21
CNT000861,2024-09-01,SKU024,DC01,272,271
CNT000862,2024-09-01,SKU024,DC02,0,1
CNT000863,2024-09-01,SKU024,DC03,111,110
CNT000864,2024-09-01,SKU024,DC04,243,242
CNT000865,2024-10-01,SKU001,DC01,270,270
CNT000866,2024-10-01,SKU001,DC02,269,270
CNT000867,2024-10-01,SKU001,DC03,246,246
CNT000868,2024-10-01,SKU001,DC04,621,621
CNT000869,2024-10-01,SKU002,DC01,281,280
CNT000870,2024-10-01,SKU002,DC02,190,189
CNT000871,2024-10-01,SKU002,DC03,583,583
CNT000872,2024-10-01,SKU002,DC04,309,309
CNT000873,2024-10-01,SKU003,DC01,0,2
CNT000874,2024-10-01,SKU003,DC02,50,51
CNT000875,2024-10-01,SKU003,DC03,27,27
CNT000876,2024-10-01,SKU003,DC04,0,0
CNT000877,2024-10-01,SKU004,DC01,34,36
CNT000878,2024-10-01,SKU004,DC02,0,1
CNT000879,2024-10-01,SKU004,DC03,91,92
CNT000880,2024-10-01,SKU004,DC04,131,132
CNT000881,2024-10-01,SKU005,DC01,61,62
CNT000882,2024-10-01,SKU005,DC02,0,0
CNT000883,2024-10-01,SKU005,DC03,0,0
CNT000884,2024-10-01,SKU005,DC04,56,56
CNT000885,2024-10-01,SKU006,DC01,55,54
CNT000886,2024-10-01,SKU006,DC02,64,64
CNT000887,2024-10-01,SKU006,DC03,64,62
CNT000888,2024-10-01,SKU006,DC04,76,78
CNT000889,2024-10-01,SKU007,DC01,841,842
CNT000890,2024-10-01,SKU007,DC02,294,292
CNT000891,2024-10-01,SKU007,DC03,557,557
CNT000892,2024-10-01,SKU007,DC04,371,370
CNT000893,2024-10-01,SKU008,DC01,134,135
CNT000894,2024-10-01,SKU008,DC02,170,171
CNT000895,2024-10-01,SKU008,DC03,234,235
CNT000896,2024-10-01,SKU008,DC04,76,78
CNT000897,2024-10-01,SKU009,DC01,80,79
CNT000898,2024-10-01,SKU009,DC02,259,259
CNT000899,2024-10-01,SKU009,DC03,109,111
CNT000900,2024-10-01,SKU009,DC04,58,57
CNT000901,2024-10-01,SKU010,DC01,1,0
CNT000902,2024-10-01,SKU010,DC02,0,0
CNT000903,2024-10-01,SKU010,DC03,157,157
CNT000904,2024-10-01,SKU010,DC04,53,53
CNT000905,2024-10-01,SKU011,DC01,39,39
CNT000906,2024-10-01,SKU011,DC02,35,36
CNT000907,2024-10-01,SKU011,DC03,41,42
CNT000908,2024-10-01,SKU011,DC04,36,36
CNT000909,2024-10-01,SKU012,DC01,351,351
CNT000910,2024-10-01,SKU012,DC02,218,218
CNT000911,2024-10-01,SKU012,DC03,396,394
CNT000912,2024-10-01,SKU012,DC04,581,580
CNT000913,2024-10-01,SKU013,DC01,0,2
CNT000914,2024-10-01,SKU013,DC02,72,71
CNT000915,2024-10-01,SKU013,DC03,0,0
CNT000916,2024-10-01,SKU013,DC04,35,36
CNT000917,2024-10-01,SKU014,DC01,143,144
CNT000918,2024-10-01,SKU014,DC02,45,47
CNT000919,2024-10-01,SKU014,DC03,62,61
CNT000920,2024-10-01,SKU014,DC04,45,45
CNT000921,2024-10-01,SKU015,DC01,127,127
CNT000922,2024-10-01,SKU015,DC02,246,246
CNT000923,2024-10-01,SKU015,DC03,199,200
CNT000924,2024-10-01,SKU015,DC04,326,324
CNT000925,2024-10-01,SKU016,DC01,0,0
CNT000926,2024-10-01,SKU016,DC02,41,41
CNT000927,2024-10-01,SKU016,DC03,0,0
CNT000928,2024-10-01,SKU016,DC04,0,1
CNT000929,2024-10-01,SKU017,DC01,0,0
CNT000930,2024-10-01,SKU017,DC02,0,1
CNT000931,2024-10-01,SKU017,DC03,0,1
CNT000932,2024-10-01,SKU017,DC04,55,55
CNT000933,2024-10-01,SKU018,DC01,320,319
CNT000934,2024-10-01,SKU018,DC02,144,146
CNT000935,2024-10-01,SKU018,DC03,248,246
CNT000936,2024-10-01,SKU018,DC04,46,46
CNT000937,2024-10-01,SKU019,DC01,0,0
CNT000938,2024-10-01,SKU019,DC02,38,39
CNT000939,2024-10-01,SKU019,DC03,58,56
CNT000940,2024-10-01,SKU019,DC04,0,1
CNT000941,2024-10-01,SKU020,DC01,59,60
CNT000942,2024-10-01,SKU020,DC02,86,86
CNT000943,2024-10-01,SKU020,DC03,66,66
CNT000944,2024-10-01,SKU020,DC04,81,80
CNT000945,2024-10-01,SKU021,DC01,236,234
CNT000946,2024-10-01,SKU021,DC02,415,414
CNT000947,2024-10-01,SKU021,DC03,138,139
CNT000948,2024-10-01,SKU021,DC04,101,99
CNT000949,2024-10-01,SKU022,DC01,4,4
CNT000950,2024-10-01,SKU022,DC02,18,19
CNT000951,2024-10-01,SKU022,DC03,0,1
CNT000952,2024-10-01,SKU022,DC04,0,0
CNT000953,2024-10-01,SKU023,DC01,90,90
CNT000954,2024-10-01,SKU023,DC02,225,226
CNT000955,2024-10-01,SKU023,DC03,76,76
CNT000956,2024-10-01,SKU023,DC04,46,44
CNT000957,2024-10-01,SKU024,DC01,317,317
CNT000958,2024-10-01,SKU024,DC02,3,3
CNT000959,2024-10-01,SKU024,DC03,174,176
CNT000960,2024-10-01,SKU024,DC04,202,202
CNT000961,2024-11-01,SKU001,DC01,312,312
CNT000962,2024-11-01,SKU001,DC02,259,259
CNT000963,2024-11-01,SKU001,DC03,354,354
CNT000964,2024-11-01,SKU001,DC04,681,679
CNT000965,2024-11-01,SKU002,DC01,421,419
CNT000966,2024-11-01,SKU002,DC02,233,233
CNT000967,2024-11-01,SKU002,DC03,563,563
CNT000968,2024-11-01,SKU002,DC04,282,282
CNT000969,2024-11-01,SKU003,DC01,0,0
CNT000970,2024-11-01,SKU003,DC02,70,68
CNT000971,2024-11-01,SKU003,DC03,26,24
CNT000972,2024-11-01,SKU003,DC04,48,46
CNT000973,2024-11-01,SKU004,DC01,82,84
CNT000974,2024-11-01,SKU004,DC02,0,0
CNT000975,2024-11-01,SKU004,DC03,117,117
CNT000976,2024-11-01,SKU004,DC04,60,62
CNT000977,2024-11-01,SKU005,DC01,61,63
CNT000978,2024-11-01,SKU005,DC02,71,71
CNT000979,2024-11-01,SKU005,DC03,0,0
CNT000980,2024-11-01,SKU005,DC04,28,29
CNT000981,2024-11-01,SKU006,DC01,0,0
CNT000982,2024-11-01,SKU006,DC02,22,24
CNT000983,2024-11-01,SKU006,DC03,0,0
CNT000984,2024-11-01,SKU006,DC04,0,0
CNT000985,2024-11-01,SKU007,DC01,841,841
CNT000986,2024-11-01,SKU007,DC02,294,294
CNT000987,2024-11-01,SKU007,DC03,616,616
CNT000988,2024-11-01,SKU007,DC04,385,387
CNT000989,2024-11-01,SKU008,DC01,147,147
CNT000990,2024-11-01,SKU008,DC02,163,163
CNT000991,2024-11-01,SKU008,DC03,235,234
CNT000992,2024-11-01,SKU008,DC04,111,111
CNT000993,2024-11-01,SKU009,DC01,81,80
CNT000994,2024-11-01,SKU009,DC02,212,212
CNT000995,2024-11-01,SKU009,DC03,185,185
CNT000996,2024-11-01,SKU009,DC04,31,31
CNT000997,2024-11-01,SKU010,DC01,165,167
CNT000998,2024-11-01,SKU010,DC02,22,23
CNT000999,2024-11-01,SKU010,DC03,95,95
CNT001000,2024-11-01,SKU010,DC04,33,33
CNT001001,2024-11-01,SKU011,DC01,23,21
CNT001002,2024-11-01,SKU011,DC02,19,19
CNT001003,2024-11-01,SKU011,DC03,0,1
CNT001004,2024-11-01,SKU011,DC04,20,20
CNT001005,2024-11-01,SKU012,DC01,510,510
CNT001006,2024-11-01,SKU012,DC02,217,217
CNT001007,2024-11-01,SKU012,DC03,396,394
CNT001008,2024-11-01,SKU012,DC04,583,585
CNT001009,2024-11-01,SKU013,DC01,0,0
CNT001010,2024-11-01,SKU013,DC02,61,60
CNT001011,2024-11-01,SKU013,DC03,0,0
CNT001012,2024-11-01,SKU013,DC04,0,0
CNT001013,2024-11-01,SKU014,DC01,64,63
CNT001014,2024-11-01,SKU014,DC02,0,1
CNT001015,2024-11-01,SKU014,DC03,0,1
CNT001016,2024-11-01,SKU014,DC04,46,45
CNT001017,2024-11-01,SKU015,DC01,205,204
CNT001018,2024-11-01,SKU015,DC02,293,292
CNT001019,2024-11-01,SKU015,DC03,259,260
CNT001020,2024-11-01,SKU015,DC04,354,354
CNT001021,2024-11-01,SKU016,DC01,0,0
CNT001022,2024-11-01,SKU016,DC02,84,84
CNT001023,2024-11-01,SKU016,DC03,109,110
CNT001024,2024-11-01,SKU016,DC04,68,67
CNT001025,2024-11-01,SKU017,DC01,0,2
CNT001026,2024-11-01,SKU017,DC02,0,2
CNT001027,2024-11-01,SKU017,DC03,0,0
CNT001028,2024-11-01,SKU017,DC04,0,0
CNT001029,2024-11-01,SKU018,DC01,328,329
CNT001030,2024-11-01,SKU018,DC02,235,234
CNT001031,2024-11-01,SKU018,DC03,251,253
CNT001032,2024-11-01,SKU018,DC04,34,34
CNT001033,2024-11-01,SKU019,DC01,16,17
CNT001034,2024-11-01,SKU019,DC02,0,0
CNT001035,2024-11-01,SKU019,DC03,0,1
CNT001036,2024-11-01,SKU019,DC04,41,41
CNT001037,2024-11-01,SKU020,DC01,3,4
CNT001038,2024-11-01,SKU020,DC02,29,29
CNT001039,2024-11-01,SKU020,DC03,74,75
CNT001040,2024-11-01,SKU020,DC04,55,55
CNT001041,2024-11-01,SKU021,DC01,204,205
CNT001042,2024-11-01,SKU021,DC02,561,561
CNT001043,2024-11-01,SKU021,DC03,103,102
CNT001044,2024-11-01,SKU021,DC04,65,65
CNT001045,2024-11-01,SKU022,DC01,45,45
CNT001046,2024-11-01,SKU022,DC02,145,145
CNT001047,2024-11-01,SKU022,DC03,0,0
CNT001048,2024-11-01,SKU022,DC04,69,70
CNT001049,2024-11-01,SKU023,DC01,51,53
CNT001050,2024-11-01,SKU023,DC02,229,229
CNT001051,2024-11-01,SKU023,DC03,142,140
CNT001052,2024-11-01,SKU023,DC04,34,34
CNT001053,2024-11-01,SKU024,DC01,280,281
CNT001054,2024-11-01,SKU024,DC02,34,36
CNT001055,2024-11-01,SKU024,DC03,236,237
CNT001056,2024-11-01,SKU024,DC04,202,203
CNT001057,2024-12-01,SKU001,DC01,304,306
CNT001058,2024-12-01,SKU001,DC02,302,302
CNT001059,2024-12-01,SKU001,DC03,405,403
CNT001060,2024-12-01,SKU001,DC04,667,669
CNT001061,2024-12-01,SKU002,DC01,427,427
CNT001062,2024-12-01,SKU002,DC02,283,283
CNT001063,2024-12-01,SKU002,DC03,538,538
CNT001064,2024-12-01,SKU002,DC04,318,318
CNT001065,2024-12-01,SKU003,DC01,0,0
CNT001066,2024-12-01,SKU003,DC02,128,129
CNT001067,2024-12-01,SKU003,DC03,43,43
CNT001068,2024-12-01,SKU003,DC04,0,0
CNT001069,2024-12-01,SKU004,DC01,19,21
CNT001070,2024-12-01,SKU004,DC02,0,0
CNT001071,2024-12-01,SKU004,DC03,161,162
CNT001072,2024-12-01,SKU004,DC04,78,79
CNT001073,2024-12-01,SKU005,DC01,0,2
CNT001074,2024-12-01,SKU005,DC02,2,3
CNT001075,2024-12-01,SKU005,DC03,0,0
CNT001076,2024-12-01,SKU005,DC04,15,14
CNT001077,2024-12-01,SKU006,DC01,0,0
CNT001078,2024-12-01,SKU006,DC02,127,125
CNT001079,2024-12-01,SKU006,DC03,119,121
CNT001080,2024-12-01,SKU006,DC04,25,23
CNT001081,2024-12-01,SKU007,DC01,839,837
CNT001082,2024-12-01,SKU007,DC02,309,308
CNT001083,2024-12-01,SKU007,DC03,672,671
CNT001084,2024-12-01,SKU007,DC04,436,436
CNT001085,2024-12-01,SKU008,DC01,184,184
CNT001086,2024-12-01,SKU008,DC02,129,127
CNT001087,2024-12-01,SKU008,DC03,204,206
CNT001088,2024-12-01,SKU008,DC04,117,118
CNT001089,2024-12-01,SKU009,DC01,35,36
CNT001090,2024-12-01,SKU009,DC02,215,215
CNT001091,2024-12-01,SKU009,DC03,140,140
CNT001092,2024-12-01,SKU009,DC04,0,0
CNT001093,2024-12-01,SKU010,DC01,147,145
CNT001094,2024-12-01,SKU010,DC02,136,136
CNT001095,2024-12-01,SKU010,DC03,30,30
CNT001096,2024-12-01,SKU010,DC04,56,54
CNT001097,2024-12-01,SKU011,DC01,0,0
CNT001098,2024-12-01,SKU011,DC02,0,1
CNT001099,2024-12-01,SKU011,DC03,0,0
CNT001100,2024-12-01,SKU011,DC04,0,0
CNT001101,2024-12-01,SKU012,DC01,560,562
CNT001102,2024-12-01,SKU012,DC02,271,270
CNT001103,2024-12-01,SKU012,DC03,444,444
CNT001104,2024-12-01,SKU012,DC04,613,615
CNT001105,2024-12-01,SKU013,DC01,0,0
CNT001106,2024-12-01,SKU013,DC02,43,43
CNT001107,2024-12-01,SKU013,DC03,0,0
CNT001108,2024-12-01,SKU013,DC04,7,6
CNT001109,2024-12-01,SKU014,DC01,55,53
CNT001110,2024-12-01,SKU014,DC02,0,0
CNT001111,2024-12-01,SKU014,DC03,0,2
CNT001112,2024-12-01,SKU014,DC04,0,2
CNT001113,2024-12-01,SKU015,DC01,296,298
CNT001114,2024-12-01,SKU015,DC02,280,281
CNT001115,2024-12-01,SKU015,DC03,271,271
CNT001116,2024-12-01,SKU015,DC04,348,349
CNT001117,2024-12-01,SKU016,DC01,0,0
CNT001118,2024-12-01,SKU016,DC02,9,10
CNT001119,2024-12-01,SKU016,DC03,99,98
CNT001120,2024-12-01,SKU016,DC04,0,1
CNT001121,2024-12-01,SKU017,DC01,0,2
CNT001122,2024-12-01,SKU017,DC02,42,42
CNT001123,2024-12-01,SKU017,DC03,0,0
CNT001124,2024-12-01,SKU017,DC04,14,14
CNT001125,2024-12-01,SKU018,DC01,279,278
CNT001126,2024-12-01,SKU018,DC02,180,181
CNT001127,2024-12-01,SKU018,DC03,262,262
CNT001128,2024-12-01,SKU018,DC04,13,13
CNT001129,2024-12-01,SKU019,DC01,38,38
CNT001130,2024-12-01,SKU019,DC02,0,2
CNT001131,2024-12-01,SKU019,DC03,0,1
CNT001132,2024-12-01,SKU019,DC04,79,80
CNT001133,2024-12-01,SKU020,DC01,0,1
CNT001134,2024-12-01,SKU020,DC02,0,0
CNT001135,2024-12-01,SKU020,DC03,22,20
CNT001136,2024-12-01,SKU020,DC04,0,2
CNT001137,2024-12-01,SKU021,DC01,261,261
CNT001138,2024-12-01,SKU021,DC02,562,563
CNT001139,2024-12-01,SKU021,DC03,106,105
CNT001140,2024-12-01,SKU021,DC04,92,92
CNT001141,2024-12-01,SKU022,DC01,24,24
CNT001142,2024-12-01,SKU022,DC02,110,112
CNT001143,2024-12-01,SKU022,DC03,42,41
CNT001144,2024-12-01,SKU022,DC04,84,83
CNT001145,2024-12-01,SKU023,DC01,94,93
CNT001146,2024-12-01,SKU023,DC02,351,351
CNT001147,2024-12-01,SKU023,DC03,88,88
CNT001148,2024-12-01,SKU023,DC04,79,79
CNT001149,2024-12-01,SKU024,DC01,230,232
CNT001150,2024-12-01,SKU024,DC02,0,0
CNT001151,2024-12-01,SKU024,DC03,250,250
CNT001152,2024-12-01,SKU024,DC04,155,155
CNT001153,2025-01-01,SKU001,DC01,370,371
CNT001154,2025-01-01,SKU001,DC02,387,387
CNT001155,2025-01-01,SKU001,DC03,458,457
CNT001156,2025-01-01,SKU001,DC04,737,738
CNT001157,2025-01-01,SKU002,DC01,404,403
CNT001158,2025-01-01,SKU002,DC02,264,262
CNT001159,2025-01-01,SKU002,DC03,609,609
CNT001160,2025-01-01,SKU002,DC04,299,299
CNT001161,2025-01-01,SKU003,DC01,0,0
CNT001162,2025-01-01,SKU003,DC02,152,152
CNT001163,2025-01-01,SKU003,DC03,0,0
CNT001164,2025-01-01,SKU003,DC04,0,0
CNT001165,2025-01-01,SKU004,DC01,5,5
CNT001166,2025-01-01,SKU004,DC02,0,0
CNT001167,2025-01-01,SKU004,DC03,102,103
CNT001168,2025-01-01,SKU004,DC04,104,104
CNT001169,2025-01-01,SKU005,DC01,31,31
CNT001170,2025-01-01,SKU005,DC02,64,65
CNT001171,2025-01-01,SKU005,DC03,30,31
CNT001172,2025-01-01,SKU005,DC04,16,16
CNT001173,2025-01-01,SKU006,DC01,0,1
CNT001174,2025-01-01,SKU006,DC02,123,124
CNT001175,2025-01-01,SKU006,DC03,59,61
CNT001176,2025-01-01,SKU006,DC04,93,95
CNT001177,2025-01-01,SKU007,DC01,838,838
CNT001178,2025-01-01,SKU007,DC02,341,341
CNT001179,2025-01-01,SKU007,DC03,726,726
CNT001180,2025-01-01,SKU007,DC04,513,513
CNT001181,2025-01-01,SKU008,DC01,245,246
CNT001182,2025-01-01,SKU008,DC02,196,196
CNT001183,2025-01-01,SKU008,DC03,335,335
CNT001184,2025-01-01,SKU008,DC04,133,133
CNT001185,2025-01-01,SKU009,DC01,0,1
CNT001186,2025-01-01,SKU009,DC02,250,251
CNT001187,2025-01-01,SKU009,DC03,173,173
CNT001188,2025-01-01,SKU009,DC04,0,0
CNT001189,2025-01-01,SKU010,DC01,92,92
CNT001190,2025-01-01,SKU010,DC02,150,148
CNT001191,2025-01-01,SKU010,DC03,0,0
CNT001192,2025-01-01,SKU010,DC04,88,86
CNT001193,2025-01-01,SKU011,DC01,71,71
CNT001194,2025-01-01,SKU011,DC02,51,51
CNT001195,2025-01-01,SKU011,DC03,0,0
CNT001196,2025-01-01,SKU011,DC04,0,0
CNT001197,2025-01-01,SKU012,DC01,666,666
CNT001198,2025-01-01,SKU012,DC02,346,348
CNT001199,2025-01-01,SKU012,DC03,473,472
CNT001200,2025-01-01,SKU012,DC04,591,589
CNT001201,2025-01-01,SKU013,DC01,0,0
CNT001202,2025-01-01,SKU013,DC02,0,0
CNT001203,2025-01-01,SKU013,DC03,31,32
CNT001204,2025-01-01,SKU013,DC04,0,0
CNT001205,2025-01-01,SKU014,DC01,66,64
CNT001206,2025-01-01,SKU014,DC02,47,47
CNT001207,2025-01-01,SKU014,DC03,0,2
CNT001208,2025-01-01,SKU014,DC04,47,47
CNT001209,2025-01-01,SKU015,DC01,285,287
CNT001210,2025-01-01,SKU015,DC02,260,261
CNT001211,2025-01-01,SKU015,DC03,259,261
CNT001212,2025-01-01,SKU015,DC04,457,457
CNT001213,2025-01-01,SKU016,DC01,69,69
CNT001214,2025-01-01,SKU016,DC02,0,0
CNT001215,2025-01-01,SKU016,DC03,40,38
CNT001216,2025-01-01,SKU016,DC04,0,1
CNT001217,2025-01-01,SKU017,DC01,0,0
CNT001218,2025-01-01,SKU017,DC02,0,2
CNT001219,2025-01-01,SKU017,DC03,0,0
CNT001220,2025-01-01,SKU017,DC04,0,0
CNT001221,2025-01-01,SKU018,DC01,242,242
CNT001222,2025-01-01,SKU018,DC02,127,127
CNT001223,2025-01-01,SKU018,DC03,208,208
CNT001224,2025-01-01,SKU018,DC04,55,57
CNT001225,2025-01-01,SKU019,DC01,0,2
CNT001226,2025-01-01,SKU019,DC02,13,13
CNT001227,2025-01-01,SKU019,DC03,0,0
CNT001228,2025-01-01,SKU019,DC04,81,81
CNT001229,2025-01-01,SKU020,DC01,0,1
CNT001230,2025-01-01,SKU020,DC02,0,0
CNT001231,2025-01-01,SKU020,DC03,53,53
CNT001232,2025-01-01,SKU020,DC04,0,0
CNT001233,2025-01-01,SKU021,DC01,229,228
CNT001234,2025-01-01,SKU021,DC02,527,526
CNT001235,2025-01-01,SKU021,DC03,208,208
CNT001236,2025-01-01,SKU021,DC04,103,105
CNT001237,2025-01-01,SKU022,DC01,73,73
CNT001238,2025-01-01,SKU022,DC02,38,36
CNT001239,2025-01-01,SKU022,DC03,34,34
CNT001240,2025-01-01,SKU022,DC04,79,78
CNT001241,2025-01-01,SKU023,DC01,95,97
CNT001242,2025-01-01,SKU023,DC02,290,290
CNT001243,2025-01-01,SKU023,DC03,24,24
CNT001244,2025-01-01,SKU023,DC04,98,98
CNT001245,2025-01-01,SKU024,DC01,246,244
CNT001246,2025-01-01,SKU024,DC02,159,157
CNT001247,2025-01-01,SKU024,DC03,280,280
CNT001248,2025-01-01,SKU024,DC04,109,109
CNT001249,2025-02-01,SKU001,DC01,357,357
CNT001250,2025-02-01,SKU001,DC02,381,381
CNT001251,2025-02-01,SKU001,DC03,448,447
CNT001252,2025-02-01,SKU001,DC04,727,729
CNT001253,2025-02-01,SKU002,DC01,424,423
CNT001254,2025-02-01,SKU002,DC02,268,267
CNT001255,2025-02-01,SKU002,DC03,658,656
CNT001256,2025-02-01,SKU002,DC04,326,324
CNT001257,2025-02-01,SKU003,DC01,0,0
CNT001258,2025-02-01,SKU003,DC02,90,90
CNT001259,2025-02-01,SKU003,DC03,0,0
CNT001260,2025-02-01,SKU003,DC04,129,131
CNT001261,2025-02-01,SKU004,DC01,0,0
CNT001262,2025-02-01,SKU004,DC02,39,39
CNT001263,2025-02-01,SKU004,DC03,35,33
CNT001264,2025-02-01,SKU004,DC04,54,54
CNT001265,2025-02-01,SKU005,DC01,66,68
CNT001266,2025-02-01,SKU005,DC02,0,1
CNT001267,2025-02-01,SKU005,DC03,0,0
CNT001268,2025-02-01,SKU005,DC04,0,0
CNT001269,2025-02-01,SKU006,DC01,44,44
CNT001270,2025-02-01,SKU006,DC02,103,104
CNT001271,2025-02-01,SKU006,DC03,3,4
CNT001272,2025-02-01,SKU006,DC04,27,26
CNT001273,2025-02-01,SKU007,DC01,897,899
CNT001274,2025-02-01,SKU007,DC02,426,424
CNT001275,2025-02-01,SKU007,DC03,832,834
CNT001276,2025-02-01,SKU007,DC04,528,526
CNT001277,2025-02-01,SKU008,DC01,283,283
CNT001278,2025-02-01,SKU008,DC02,166,168
CNT001279,2025-02-01,SKU008,DC03,360,362
CNT001280,2025-02-01,SKU008,DC04,94,94
CNT001281,2025-02-01,SKU009,DC01,107,108
CNT001282,2025-02-01,SKU009,DC02,223,223
CNT001283,2025-02-01,SKU009,DC03,126,127
CNT001284,2025-02-01,SKU009,DC04,125,123
CNT001285,2025-02-01,SKU010,DC01,15,15
CNT001286,2025-02-01,SKU010,DC02,133,133
CNT001287,2025-02-01,SKU010,DC03,0,0
CNT001288,2025-02-01,SKU010,DC04,12,12
CNT001289,2025-02-01,SKU011,DC01,57,58
CNT001290,2025-02-01,SKU011,DC02,37,35
CNT001291,2025-02-01,SKU011,DC03,0,0
CNT001292,2025-02-01,SKU011,DC04,0,2
CNT001293,2025-02-01,SKU012,DC01,704,702
CNT001294,2025-02-01,SKU012,DC02,346,346
CNT001295,2025-02-01,SKU012,DC03,499,499
CNT001296,2025-02-01,SKU012,DC04,596,594
CNT001297,2025-02-01,SKU013,DC01,9,9
CNT001298,2025-02-01,SKU013,DC02,0,2
CNT001299,2025-02-01,SKU013,DC03,18,18
CNT001300,2025-02-01,SKU013,DC04,0,0
CNT001301,2025-02-01,SKU014,DC01,212,212
CNT001302,2025-02-01,SKU014,DC02,0,0
CNT001303,2025-02-01,SKU014,DC03,29,30
CNT001304,2025-02-01,SKU014,DC04,41,41
CNT001305,2025-02-01,SKU015,DC01,304,304
CNT001306,2025-02-01,SKU015,DC02,319,321
CNT001307,2025-02-01,SKU015,DC03,249,247
CNT001308,2025-02-01,SKU015,DC04,471,471
CNT001309,2025-02-01,SKU016,DC01,63,63
CNT001310,2025-02-01,SKU016,DC02,0,0
CNT001311,2025-02-01,SKU016,DC03,12,11
CNT001312,2025-02-01,SKU016,DC04,12,10
CNT001313,2025-02-01,SKU017,DC01,0,0
CNT001314,2025-02-01,SKU017,DC02,0,0
CNT001315,2025-02-01,SKU017,DC03,0,0
CNT001316,2025-02-01,SKU017,DC04,0,1
CNT001317,2025-02-01,SKU018,DC01,205,205
CNT001318,2025-02-01,SKU018,DC02,66,67
CNT001319,2025-02-01,SKU018,DC03,200,200
CNT001320,2025-02-01,SKU018,DC04,59,61
CNT001321,2025-02-01,SKU019,DC01,59,59
CNT001322,2025-02-01,SKU019,DC02,0,0
CNT001323,2025-02-01,SKU019,DC03,46,47
CNT001324,2025-02-01,SKU019,DC04,18,18
CNT001325,2025-02-01,SKU020,DC01,0,0
CNT001326,2025-02-01,SKU020,DC02,49,49
CNT001327,2025-02-01,SKU020,DC03,0,0
CNT001328,2025-02-01,SKU020,DC04,0,2
CNT001329,2025-02-01,SKU021,DC01,252,252
CNT001330,2025-02-01,SKU021,DC02,549,547
CNT001331,2025-02-01,SKU021,DC03,170,170
CNT001332,2025-02-01,SKU021,DC04,72,70
CNT001333,2025-02-01,SKU022,DC01,0,0
CNT001334,2025-02-01,SKU022,DC02,0,0
CNT001335,2025-02-01,SKU022,DC03,26,24
CNT001336,2025-02-01,SKU022,DC04,34,34
CNT001337,2025-02-01,SKU023,DC01,70,70
CNT001338,2025-02-01,SKU023,DC02,406,408
CNT001339,2025-02-01,SKU023,DC03,43,43
CNT001340,2025-02-01,SKU023,DC04,81,80
CNT001341,2025-02-01,SKU024,DC01,422,422
CNT001342,2025-02-01,SKU024,DC02,159,159
CNT001343,2025-02-01,SKU024,DC03,285,285
CNT001344,2025-02-01,SKU024,DC04,63,61
CNT001345,2025-03-01,SKU001,DC01,403,403
CNT001346,2025-03-01,SKU001,DC02,420,418
CNT001347,2025-03-01,SKU001,DC03,510,511
CNT001348,2025-03-01,SKU001,DC04,798,798
CNT001349,2025-03-01,SKU002,DC01,583,583
CNT001350,2025-03-01,SKU002,DC02,250,250
CNT001351,2025-03-01,SKU002,DC03,704,704
CNT001352,2025-03-01,SKU002,DC04,306,306
CNT001353,2025-03-01,SKU003,DC01,0,0
CNT001354,2025-03-01,SKU003,DC02,59,59
CNT001355,2025-03-01,SKU003,DC03,13,11
CNT001356,2025-03-01,SKU003,DC04,171,170
CNT001357,2025-03-01,SKU004,DC01,107,106
CNT001358,2025-03-01,SKU004,DC02,0,0
CNT001359,2025-03-01,SKU004,DC03,60,59
CNT001360,2025-03-01,SKU004,DC04,14,16
CNT001361,2025-03-01,SKU005,DC01,61,61
CNT001362,2025-03-01,SKU005,DC02,0,0
CNT001363,2025-03-01,SKU005,DC03,21,23
CNT001364,2025-03-01,SKU005,DC04,82,82
CNT001365,2025-03-01,SKU006,DC01,49,48
CNT001366,2025-03-01,SKU006,DC02,110,112
CNT001367,2025-03-01,SKU006,DC03,22,20
CNT001368,2025-03-01,SKU006,DC04,58,57
CNT001369,2025-03-01,SKU007,DC01,894,895
CNT001370,2025-03-01,SKU007,DC02,425,425
CNT001371,2025-03-01,SKU007,DC03,868,867
CNT001372,2025-03-01,SKU007,DC04,527,525
CNT001373,2025-03-01,SKU008,DC01,290,291
CNT001374,2025-03-01,SKU008,DC02,131,133
CNT001375,2025-03-01,SKU008,DC03,446,445
CNT001376,2025-03-01,SKU008,DC04,61,63
CNT001377,2025-03-01,SKU009,DC01,98,100
CNT001378,2025-03-01,SKU009,DC02,255,255
CNT001379,2025-03-01,SKU009,DC03,167,169
CNT001380,2025-03-01,SKU009,DC04,114,114
CNT001381,2025-03-01,SKU010,DC01,0,2
CNT001382,2025-03-01,SKU010,DC02,164,164
CNT001383,2025-03-01,SKU010,DC03,26,25
CNT001384,2025-03-01,SKU010,DC04,0,2
CNT001385,2025-03-01,SKU011,DC01,0,0
CNT001386,2025-03-01,SKU011,DC02,46,46
CNT001387,2025-03-01,SKU011,DC03,30,30
CNT001388,2025-03-01,SKU011,DC04,0,0
CNT001389,2025-03-01,SKU012,DC01,790,788
CNT001390,2025-03-01,SKU012,DC02,332,332
CNT001391,2025-03-01,SKU012,DC03,621,623
CNT001392,2025-03-01,SKU012,DC04,624,622
CNT001393,2025-03-01,SKU013,DC01,41,43
CNT001394,2025-03-01,SKU013,DC02,106,106
CNT001395,2025-03-01,SKU013,DC03,119,119
CNT001396,2025-03-01,SKU013,DC04,57,57
CNT001397,2025-03-01,SKU014,DC01,204,205
CNT001398,2025-03-01,SKU014,DC02,0,0
CNT001399,2025-03-01,SKU014,DC03,11,12
CNT001400,2025-03-01,SKU014,DC04,0,2
CNT001401,2025-03-01,SKU015,DC01,354,356
CNT001402,2025-03-01,SKU015,DC02,344,343
CNT001403,2025-03-01,SKU015,DC03,238,238
CNT001404,2025-03-01,SKU015,DC04,598,598
CNT001405,2025-03-01,SKU016,DC01,43,43
CNT001406,2025-03-01,SKU016,DC02,0,2
CNT001407,2025-03-01,SKU016,DC03,0,0
CNT001408,2025-03-01,SKU016,DC04,0,0
CNT001409,2025-03-01,SKU017,DC01,75,73
CNT001410,2025-03-01,SKU017,DC02,36,37
CNT001411,2025-03-01,SKU017,DC03,0,0
CNT001412,2025-03-01,SKU017,DC04,0,0
CNT001413,2025-03-01,SKU018,DC01,156,157
CNT001414,2025-03-01,SKU018,DC02,59,61
CNT001415,2025-03-01,SKU018,DC03,177,177
CNT001416,2025-03-01,SKU018,DC04,39,39
CNT001417,2025-03-01,SKU019,DC01,12,11
CNT001418,2025-03-01,SKU019,DC02,0,0
CNT001419,2025-03-01,SKU019,DC03,200,200
CNT001420,2025-03-01,SKU019,DC04,0,0
CNT001421,2025-03-01,SKU020,DC01,0,0
CNT001422,2025-03-01,SKU020,DC02,40,40
CNT001423,2025-03-01,SKU020,DC03,0,0
CNT001424,2025-03-01,SKU020,DC04,91,91
CNT001425,2025-03-01,SKU021,DC01,218,218
CNT001426,2025-03-01,SKU021,DC02,517,517
CNT001427,2025-03-01,SKU021,DC03,187,185
CNT001428,2025-03-01,SKU021,DC04,81,80
CNT001429,2025-03-01,SKU022,DC01,0,0
CNT001430,2025-03-01,SKU022,DC02,0,0
CNT001431,2025-03-01,SKU022,DC03,0,0
CNT001432,2025-03-01,SKU022,DC04,47,47
CNT001433,2025-03-01,SKU023,DC01,72,70
CNT001434,2025-03-01,SKU023,DC02,485,485
CNT001435,2025-03-01,SKU023,DC03,0,0
CNT001436,2025-03-01,SKU023,DC04,99,101
CNT001437,2025-03-01,SKU024,DC01,387,387
CNT001438,2025-03-01,SKU024,DC02,209,207
CNT001439,2025-03-01,SKU024,DC03,247,245
CNT001440,2025-03-01,SKU024,DC04,97,99
CNT001441,2025-04-01,SKU001,DC01,491,493
CNT001442,2025-04-01,SKU001,DC02,407,407
CNT001443,2025-04-01,SKU001,DC03,551,553
CNT001444,2025-04-01,SKU001,DC04,830,832
CNT001445,2025-04-01,SKU002,DC01,615,615
CNT001446,2025-04-01,SKU002,DC02,232,232
CNT001447,2025-04-01,SKU002,DC03,745,745
CNT001448,2025-04-01,SKU002,DC04,298,296
CNT001449,2025-04-01,SKU003,DC01,0,0
CNT001450,2025-04-01,SKU003,DC02,60,58
CNT001451,2025-04-01,SKU003,DC03,35,33
CNT001452,2025-04-01,SKU003,DC04,107,106
CNT001453,2025-04-01,SKU004,DC01,114,113
CNT001454,2025-04-01,SKU004,DC02,57,57
CNT001455,2025-04-01,SKU004,DC03,0,0
CNT001456,2025-04-01,SKU004,DC04,24,24
CNT001457,2025-04-01,SKU005,DC01,177,177
CNT001458,2025-04-01,SKU005,DC02,0,0
CNT001459,2025-04-01,SKU005,DC03,0,0
CNT001460,2025-04-01,SKU005,DC04,25,24
CNT001461,2025-04-01,SKU006,DC01,75,74
CNT001462,2025-04-01,SKU006,DC02,91,90
CNT001463,2025-04-01,SKU006,DC03,0,0
CNT001464,2025-04-01,SKU006,DC04,0,2
CNT001465,2025-04-01,SKU007,DC01,891,893
CNT001466,2025-04-01,SKU007,DC02,424,424
CNT001467,2025-04-01,SKU007,DC03,938,940
CNT001468,2025-04-01,SKU007,DC04,627,627
CNT001469,2025-04-01,SKU008,DC01,332,332
CNT001470,2025-04-01,SKU008,DC02,88,88
CNT001471,2025-04-01,SKU008,DC03,448,448
CNT001472,2025-04-01,SKU008,DC04,22,20
CNT001473,2025-04-01,SKU009,DC01,80,82
CNT001474,2025-04-01,SKU009,DC02,324,326
CNT001475,2025-04-01,SKU009,DC03,241,240
CNT001476,2025-04-01,SKU009,DC04,66,68
CNT001477,2025-04-01,SKU010,DC01,0,0
CNT001478,2025-04-01,SKU010,DC02,222,222
CNT001479,2025-04-01,SKU010,DC03,0,0
CNT001480,2025-04-01,SKU010,DC04,0,0
CNT001481,2025-04-01,SKU011,DC01,72,70
CNT001482,2025-04-01,SKU011,DC02,38,38
CNT001483,2025-04-01,SKU011,DC03,0,0
CNT001484,2025-04-01,SKU011,DC04,106,106
CNT001485,2025-04-01,SKU012,DC01,840,839
CNT001486,2025-04-01,SKU012,DC02,314,315
CNT001487,2025-04-01,SKU012,DC03,646,646
CNT001488,2025-04-01,SKU012,DC04,605,604
CNT001489,2025-04-01,SKU013,DC01,2,1
CNT001490,2025-04-01,SKU013,DC02,89,89
CNT001491,2025-04-01,SKU013,DC03,34,32
CNT001492,2025-04-01,SKU013,DC04,36,35
CNT001493,2025-04-01,SKU014,DC01,204,204
CNT001494,2025-04-01,SKU014,DC02,16,14
CNT001495,2025-04-01,SKU014,DC03,27,29
CNT001496,2025-04-01,SKU014,DC04,0,1
CNT001497,2025-04-01,SKU015,DC01,346,348
CNT001498,2025-04-01,SKU015,DC02,362,363
CNT001499,2025-04-01,SKU015,DC03,285,285
CNT001500,2025-04-01,SKU015,DC04,731,732
CNT001501,2025-04-01,SKU016,DC01,14,14
CNT001502,2025-04-01,SKU016,DC02,0,1
CNT001503,2025-04-01,SKU016,DC03,52,51
CNT001504,2025-04-01,SKU016,DC04,0,0
CNT001505,2025-04-01,SKU017,DC01,71,71
CNT001506,2025-04-01,SKU017,DC02,0,0
CNT001507,2025-04-01,SKU017,DC03,75,76
CNT001508,2025-04-01,SKU017,DC04,2,3
CNT001509,2025-04-01,SKU018,DC01,141,139
CNT001510,2025-04-01,SKU018,DC02,142,142
CNT001511,2025-04-01,SKU018,DC03,127,129
CNT001512,2025-04-01,SKU018,DC04,38,39
CNT001513,2025-04-01,SKU019,DC01,0,0
CNT001514,2025-04-01,SKU019,DC02,0,0
CNT001515,2025-04-01,SKU019,DC03,132,131
CNT001516,2025-04-01,SKU019,DC04,0,0
CNT001517,2025-04-01,SKU020,DC01,0,0
CNT001518,2025-04-01,SKU020,DC02,13,15
CNT001519,2025-04-01,SKU020,DC03,28,28
CNT001520,2025-04-01,SKU020,DC04,116,116
CNT001521,2025-04-01,SKU021,DC01,202,202
CNT001522,2025-04-01,SKU021,DC02,485,486
CNT001523,2025-04-01,SKU021,DC03,313,313
CNT001524,2025-04-01,SKU021,DC04,134,132
CNT001525,2025-04-01,SKU022,DC01,0,2
CNT001526,2025-04-01,SKU022,DC02,0,0
CNT001527,2025-04-01,SKU022,DC03,81,83
CNT001528,2025-04-01,SKU022,DC04,20,22
CNT001529,2025-04-01,SKU023,DC01,77,76
CNT001530,2025-04-01,SKU023,DC02,423,423
CNT001531,2025-04-01,SKU023,DC03,28,28
CNT001532,2025-04-01,SKU023,DC04,122,122
CNT001533,2025-04-01,SKU024,DC01,362,362
CNT001534,2025-04-01,SKU024,DC02,192,192
CNT001535,2025-04-01,SKU024,DC03,269,268
CNT001536,2025-04-01,SKU024,DC04,53,55
CNT001537,2025-05-01,SKU001,DC01,481,480
CNT001538,2025-05-01,SKU001,DC02,408,408
CNT001539,2025-05-01,SKU001,DC03,539,539
CNT001540,2025-05-01,SKU001,DC04,865,867
CNT001541,2025-05-01,SKU002,DC01,685,683
CNT001542,2025-05-01,SKU002,DC02,278,278
CNT001543,2025-05-01,SKU002,DC03,797,795
CNT001544,2025-05-01,SKU002,DC04,388,388
CNT001545,2025-05-01,SKU003,DC01,40,40
CNT001546,2025-05-01,SKU003,DC02,17,17
CNT001547,2025-05-01,SKU003,DC03,18,18
CNT001548,2025-05-01,SKU003,DC04,83,84
CNT001549,2025-05-01,SKU004,DC01,95,96
CNT001550,2025-05-01,SKU004,DC02,110,112
CNT001551,2025-05-01,SKU004,DC03,100,102
CNT001552,2025-05-01,SKU004,DC04,61,60
CNT001553,2025-05-01,SKU005,DC01,202,202
CNT001554,2025-05-01,SKU005,DC02,0,0
CNT001555,2025-05-01,SKU005,DC03,47,48
CNT001556,2025-05-01,SKU005,DC04,0,0
CNT001557,2025-05-01,SKU006,DC01,144,144
CNT001558,2025-05-01,SKU006,DC02,1,0
CNT001559,2025-05-01,SKU006,DC03,0,0
CNT001560,2025-05-01,SKU006,DC04,0,2
CNT001561,2025-05-01,SKU007,DC01,998,999
CNT001562,2025-05-01,SKU007,DC02,422,424
CNT001563,2025-05-01,SKU007,DC03,982,984
CNT001564,2025-05-01,SKU007,DC04,640,642
CNT001565,2025-05-01,SKU008,DC01,437,436
CNT001566,2025-05-01,SKU008,DC02,56,55
CNT001567,2025-05-01,SKU008,DC03,416,416
CNT001568,2025-05-01,SKU008,DC04,0,0
CNT001569,2025-05-01,SKU009,DC01,151,151
CNT001570,2025-05-01,SKU009,DC02,280,278
CNT001571,2025-05-01,SKU009,DC03,291,289
CNT001572,2025-05-01,SKU009,DC04,19,18
CNT001573,2025-05-01,SKU010,DC01,0,0
CNT001574,2025-05-01,SKU010,DC02,234,235
CNT001575,2025-05-01,SKU010,DC03,2,1
CNT001576,2025-05-01,SKU010,DC04,0,0
CNT001577,2025-05-01,SKU011,DC01,148,148
CNT001578,2025-05-01,SKU011,DC02,53,52
CNT001579,2025-05-01,SKU011,DC03,0,0
CNT001580,2025-05-01,SKU011,DC04,41,43
CNT001581,2025-05-01,SKU012,DC01,827,827
CNT001582,2025-05-01,SKU012,DC02,297,295
CNT001583,2025-05-01,SKU012,DC03,627,627
CNT001584,2025-05-01,SKU012,DC04,592,592
CNT001585,2025-05-01,SKU013,DC01,0,2
CNT001586,2025-05-01,SKU013,DC02,0,0
CNT001587,2025-05-01,SKU013,DC03,14,16
CNT001588,2025-05-01,SKU013,DC04,45,45
CNT001589,2025-05-01,SKU014,DC01,131,130
CNT001590,2025-05-01,SKU014,DC02,20,20
CNT001591,2025-05-01,SKU014,DC03,6,6
CNT001592,2025-05-01,SKU014,DC04,124,124
CNT001593,2025-05-01,SKU015,DC01,522,522
CNT001594,2025-05-01,SKU015,DC02,355,355
CNT001595,2025-05-01,SKU015,DC03,333,334
CNT001596,2025-05-01,SKU015,DC04,870,869
CNT001597,2025-05-01,SKU016,DC01,71,71
CNT001598,2025-05-01,SKU016,DC02,0,1
CNT001599,2025-05-01,SKU016,DC03,32,33
CNT001600,2025-05-01,SKU016,DC04,0,1
CNT001601,2025-05-01,SKU017,DC01,29,29
CNT001602,2025-05-01,SKU017,DC02,120,121
CNT001603,2025-05-01,SKU017,DC03,116,116
CNT001604,2025-05-01,SKU017,DC04,0,0
CNT001605,2025-05-01,SKU018,DC01,93,93
CNT001606,2025-05-01,SKU018,DC02,163,163
CNT001607,2025-05-01,SKU018,DC03,147,145
CNT001608,2025-05-01,SKU018,DC04,24,24
CNT001609,2025-05-01,SKU019,DC01,0,0
CNT001610,2025-05-01,SKU019,DC02,0,0
CNT001611,2025-05-01,SKU019,DC03,166,168
CNT001612,2025-05-01,SKU019,DC04,59,59
CNT001613,2025-05-01,SKU020,DC01,44,44
CNT001614,2025-05-01,SKU020,DC02,0,0
CNT001615,2025-05-01,SKU020,DC03,0,0
CNT001616,2025-05-01,SKU020,DC04,98,99
CNT001617,2025-05-01,SKU021,DC01,211,213
CNT001618,2025-05-01,SKU021,DC02,542,542
CNT001619,2025-05-01,SKU021,DC03,281,281
CNT001620,2025-05-01,SKU021,DC04,133,133
CNT001621,2025-05-01,SKU022,DC01,0,0
CNT001622,2025-05-01,SKU022,DC02,0,0
CNT001623,2025-05-01,SKU022,DC03,0,0
CNT001624,2025-05-01,SKU022,DC04,0,2
CNT001625,2025-05-01,SKU023,DC01,54,52
CNT001626,2025-05-01,SKU023,DC02,364,364
CNT001627,2025-05-01,SKU023,DC03,0,1
CNT001628,2025-05-01,SKU023,DC04,59,57
CNT001629,2025-05-01,SKU024,DC01,390,389
CNT001630,2025-05-01,SKU024,DC02,198,199
CNT001631,2025-05-01,SKU024,DC03,297,297
CNT001632,2025-05-01,SKU024,DC04,11,11
CNT001633,2025-06-01,SKU001,DC01,499,499
CNT001634,2025-06-01,SKU001,DC02,468,470
CNT001635,2025-06-01,SKU001,DC03,558,559
CNT001636,2025-06-01,SKU001,DC04,901,903
CNT001637,2025-06-01,SKU002,DC01,677,675
CNT001638,2025-06-01,SKU002,DC02,307,309
CNT001639,2025-06-01,SKU002,DC03,778,778
CNT001640,2025-06-01,SKU002,DC04,530,529
CNT001641,2025-06-01,SKU003,DC01,0,0
CNT001642,2025-06-01,SKU003,DC02,0,0
CNT001643,2025-06-01,SKU003,DC03,57,57
CNT001644,2025-06-01,SKU003,DC04,148,146
CNT001645,2025-06-01,SKU004,DC01,30,32
CNT001646,2025-06-01,SKU004,DC02,102,104
CNT001647,2025-06-01,SKU004,DC03,27,27
CNT001648,2025-06-01,SKU004,DC04,11,11
CNT001649,2025-06-01,SKU005,DC01,117,117
CNT001650,2025-06-01,SKU005,DC02,53,53
CNT001651,2025-06-01,SKU005,DC03,0,2
CNT001652,2025-06-01,SKU005,DC04,0,0
CNT001653,2025-06-01,SKU006,DC01,146,146
CNT001654,2025-06-01,SKU006,DC02,100,100
CNT001655,2025-06-01,SKU006,DC03,26,28
CNT001656,2025-06-01,SKU006,DC04,0,0
CNT001657,2025-06-01,SKU007,DC01,1181,1181
CNT001658,2025-06-01,SKU007,DC02,418,418
CNT001659,2025-06-01,SKU007,DC03,981,979
CNT001660,2025-06-01,SKU007,DC04,636,634
CNT001661,2025-06-01,SKU008,DC01,422,422
CNT001662,2025-06-01,SKU008,DC02,56,57
CNT001663,2025-06-01,SKU008,DC03,378,376
CNT001664,2025-06-01,SKU008,DC04,122,122
CNT001665,2025-06-01,SKU009,DC01,99,97
CNT001666,2025-06-01,SKU009,DC02,316,316
CNT001667,2025-06-01,SKU009,DC03,320,320
CNT001668,2025-06-01,SKU009,DC04,95,95
CNT001669,2025-06-01,SKU010,DC01,0,0
CNT001670,2025-06-01,SKU010,DC02,198,196
CNT001671,2025-06-01,SKU010,DC03,48,46
CNT001672,2025-06-01,SKU010,DC04,45,45
CNT001673,2025-06-01,SKU011,DC01,122,123
CNT001674,2025-06-01,SKU011,DC02,0,0
CNT001675,2025-06-01,SKU011,DC03,142,140
CNT001676,2025-06-01,SKU011,DC04,0,0
CNT001677,2025-06-01,SKU012,DC01,871,869
CNT001678,2025-06-01,SKU012,DC02,278,279
CNT001679,2025-06-01,SKU012,DC03,607,605
CNT001680,2025-06-01,SKU012,DC04,576,574
CNT001681,2025-06-01,SKU013,DC01,26,26
CNT001682,2025-06-01,SKU013,DC02,0,0
CNT001683,2025-06-01,SKU013,DC03,8,6
CNT001684,2025-06-01,SKU013,DC04,0,0
CNT001685,2025-06-01,SKU014,DC01,59,57
CNT001686,2025-06-01,SKU014,DC02,150,150
CNT001687,2025-06-01,SKU014,DC03,0,0
CNT001688,2025-06-01,SKU014,DC04,107,108
CNT001689,2025-06-01,SKU015,DC01,513,512
CNT001690,2025-06-01,SKU015,DC02,387,385
CNT001691,2025-06-01,SKU015,DC03,438,438
CNT001692,2025-06-01,SKU015,DC04,881,883
CNT001693,2025-06-01,SKU016,DC01,0,0
CNT001694,2025-06-01,SKU016,DC02,0,0
CNT001695,2025-06-01,SKU016,DC03,11,9
CNT001696,2025-06-01,SKU016,DC04,110,109
CNT001697,2025-06-01,SKU017,DC01,0,0
CNT001698,2025-06-01,SKU017,DC02,43,43
CNT001699,2025-06-01,SKU017,DC03,64,64
CNT001700,2025-06-01,SKU017,DC04,0,0
CNT001701,2025-06-01,SKU018,DC01,168,168
CNT001702,2025-06-01,SKU018,DC02,166,167
CNT001703,2025-06-01,SKU018,DC03,199,199
CNT001704,2025-06-01,SKU018,DC04,0,0
CNT001705,2025-06-01,SKU019,DC01,0,0
CNT001706,2025-06-01,SKU019,DC02,0,0
CNT001707,2025-06-01,SKU019,DC03,145,144
CNT001708,2025-06-01,SKU019,DC04,117,117
CNT001709,2025-06-01,SKU020,DC01,54,52
CNT001710,2025-06-01,SKU020,DC02,59,61
CNT001711,2025-06-01,SKU020,DC03,0,2
CNT001712,2025-06-01,SKU020,DC04,168,166
CNT001713,2025-06-01,SKU021,DC01,173,171
CNT001714,2025-06-01,SKU021,DC02,677,677
CNT001715,2025-06-01,SKU021,DC03,338,337
CNT001716,2025-06-01,SKU021,DC04,96,95
CNT001717,2025-06-01,SKU022,DC01,60,62
CNT001718,2025-06-01,SKU022,DC02,33,35
CNT001719,2025-06-01,SKU022,DC03,22,22
CNT001720,2025-06-01,SKU022,DC04,0,0
CNT001721,2025-06-01,SKU023,DC01,47,47
CNT001722,2025-06-01,SKU023,DC02,383,383
CNT001723,2025-06-01,SKU023,DC03,11,11
CNT001724,2025-06-01,SKU023,DC04,70,68
CNT001725,2025-06-01,SKU024,DC01,360,362
CNT001726,2025-06-01,SKU024,DC02,307,309
CNT001727,2025-06-01,SKU024,DC03,252,250
CNT001728,2025-06-01,SKU024,DC04,0,1
CNT001729,2025-07-01,SKU001,DC01,541,541
CNT001730,2025-07-01,SKU001,DC02,459,457
CNT001731,2025-07-01,SKU001,DC03,616,615
CNT001732,2025-07-01,SKU001,DC04,958,958
CNT001733,2025-07-01,SKU002,DC01,653,653
CNT001734,2025-07-01,SKU002,DC02,353,353
CNT001735,2025-07-01,SKU002,DC03,827,825
CNT001736,2025-07-01,SKU002,DC04,506,508
CNT001737,2025-07-01,SKU003,DC01,0,0
CNT001738,2025-07-01,SKU003,DC02,0,0
CNT001739,2025-07-01,SKU003,DC03,21,21
CNT001740,2025-07-01,SKU003,DC04,143,142
CNT001741,2025-07-01,SKU004,DC01,59,61
CNT001742,2025-07-01,SKU004,DC02,114,114
CNT001743,2025-07-01,SKU004,DC03,0,0
CNT001744,2025-07-01,SKU004,DC04,0,0
CNT001745,2025-07-01,SKU005,DC01,37,37
CNT001746,2025-07-01,SKU005,DC02,0,0
CNT001747,2025-07-01,SKU005,DC03,0,0
CNT001748,2025-07-01,SKU005,DC04,62,63
CNT001749,2025-07-01,SKU006,DC01,114,116
CNT001750,2025-07-01,SKU006,DC02,92,94
CNT001751,2025-07-01,SKU006,DC03,0,0
CNT001752,2025-07-01,SKU006,DC04,110,112
CNT001753,2025-07-01,SKU007,DC01,1274,1274
CNT001754,2025-07-01,SKU007,DC02,416,417
CNT001755,2025-07-01,SKU007,DC03,979,979
CNT001756,2025-07-01,SKU007,DC04,679,680
CNT001757,2025-07-01,SKU008,DC01,461,461
CNT001758,2025-07-01,SKU008,DC02,23,23
CNT001759,2025-07-01,SKU008,DC03,373,373
CNT001760,2025-07-01,SKU008,DC04,323,321
CNT001761,2025-07-01,SKU009,DC01,131,131
CNT001762,2025-07-01,SKU009,DC02,365,367
CNT001763,2025-07-01,SKU009,DC03,298,297
CNT001764,2025-07-01,SKU009,DC04,113,115
CNT001765,2025-07-01,SKU010,DC01,0,2
CNT001766,2025-07-01,SKU010,DC02,174,175
CNT001767,2025-07-01,SKU010,DC03,12,12
CNT001768,2025-07-01,SKU010,DC04,1,2
CNT001769,2025-07-01,SKU011,DC01,137,139
CNT001770,2025-07-01,SKU011,DC02,16,14
CNT001771,2025-07-01,SKU011,DC03,195,197
CNT001772,2025-07-01,SKU011,DC04,35,35
CNT001773,2025-07-01,SKU012,DC01,877,879
CNT001774,2025-07-01,SKU012,DC02,262,262
CNT001775,2025-07-01,SKU012,DC03,591,592
CNT001776,2025-07-01,SKU012,DC04,603,601
CNT001777,2025-07-01,SKU013,DC01,23,21
CNT001778,2025-07-01,SKU013,DC02,2,2
CNT001779,2025-07-01,SKU013,DC03,0,0
CNT001780,2025-07-01,SKU013,DC04,0,0
CNT001781,2025-07-01,SKU014,DC01,159,158
CNT001782,2025-07-01,SKU014,DC02,144,146
CNT001783,2025-07-01,SKU014,DC03,12,10
CNT001784,2025-07-01,SKU014,DC04,79,79
CNT001785,2025-07-01,SKU015,DC01,571,573
CNT001786,2025-07-01,SKU015,DC02,376,375
CNT001787,2025-07-01,SKU015,DC03,549,549
CNT001788,2025-07-01,SKU015,DC04,919,919
CNT001789,2025-07-01,SKU016,DC01,0,0
CNT001790,2025-07-01,SKU016,DC02,15,14
CNT001791,2025-07-01,SKU016,DC03,66,64
CNT001792,2025-07-01,SKU016,DC04,110,111
CNT001793,2025-07-01,SKU017,DC01,0,0
CNT001794,2025-07-01,SKU017,DC02,0,0
CNT001795,2025-07-01,SKU017,DC03,0,0
CNT001796,2025-07-01,SKU017,DC04,38,39
CNT001797,2025-07-01,SKU018,DC01,114,112
CNT001798,2025-07-01,SKU018,DC02,165,166
CNT001799,2025-07-01,SKU018,DC03,210,212
CNT001800,2025-07-01,SKU018,DC04,41,39
CNT001801,2025-07-01,SKU019,DC01,66,64
CNT001802,2025-07-01,SKU019,DC02,61,63
CNT001803,2025-07-01,SKU019,DC03,165,165
CNT001804,2025-07-01,SKU019,DC04,55,57
CNT001805,2025-07-01,SKU020,DC01,73,72
CNT001806,2025-07-01,SKU020,DC02,44,45
CNT001807,2025-07-01,SKU020,DC03,0,0
CNT001808,2025-07-01,SKU020,DC04,222,224
CNT001809,2025-07-01,SKU021,DC01,230,230
CNT001810,2025-07-01,SKU021,DC02,638,637
CNT001811,2025-07-01,SKU021,DC03,363,364
CNT001812,2025-07-01,SKU021,DC04,107,107
CNT001813,2025-07-01,SKU022,DC01,0,0
CNT001814,2025-07-01,SKU022,DC02,0,0
CNT001815,2025-07-01,SKU022,DC03,0,0
CNT001816,2025-07-01,SKU022,DC04,0,0
CNT001817,2025-07-01,SKU023,DC01,0,0
CNT001818,2025-07-01,SKU023,DC02,375,375
CNT001819,2025-07-01,SKU023,DC03,23,24
CNT001820,2025-07-01,SKU023,DC04,70,68
CNT001821,2025-07-01,SKU024,DC01,373,374
CNT001822,2025-07-01,SKU024,DC02,337,337
CNT001823,2025-07-01,SKU024,DC03,230,230
CNT001824,2025-07-01,SKU024,DC04,0,0
CNT001825,2025-08-01,SKU001,DC01,601,600
CNT001826,2025-08-01,SKU001,DC02,452,454
CNT001827,2025-08-01,SKU001,DC03,657,658
CNT001828,2025-08-01,SKU001,DC04,999,998
CNT001829,2025-08-01,SKU002,DC01,665,666
CNT001830,2025-08-01,SKU002,DC02,399,399
CNT001831,2025-08-01,SKU002,DC03,803,801
CNT001832,2025-08-01,SKU002,DC04,544,543
CNT001833,2025-08-01,SKU003,DC01,48,50
CNT001834,2025-08-01,SKU003,DC02,0,0
CNT001835,2025-08-01,SKU003,DC03,17,17
CNT001836,2025-08-01,SKU003,DC04,110,111
CNT001837,2025-08-01,SKU004,DC01,26,26
CNT001838,2025-08-01,SKU004,DC02,107,107
CNT001839,2025-08-01,SKU004,DC03,27,27
CNT001840,2025-08-01,SKU004,DC04,39,37
CNT001841,2025-08-01,SKU005,DC01,0,0
CNT001842,2025-08-01,SKU005,DC02,46,44
CNT001843,2025-08-01,SKU005,DC03,8,8
CNT001844,2025-08-01,SKU005,DC04,68,67
CNT001845,2025-08-01,SKU006,DC01,139,139
CNT001846,2025-08-01,SKU006,DC02,27,25
CNT001847,2025-08-01,SKU006,DC03,2,1
CNT001848,2025-08-01,SKU006,DC04,130,132
CNT001849,2025-08-01,SKU007,DC01,1358,1358
CNT001850,2025-08-01,SKU007,DC02,510,512
CNT001851,2025-08-01,SKU007,DC03,1105,1104
CNT001852,2025-08-01,SKU007,DC04,674,672
CNT001853,2025-08-01,SKU008,DC01,540,540
CNT001854,2025-08-01,SKU008,DC02,0,0
CNT001855,2025-08-01,SKU008,DC03,361,363
CNT001856,2025-08-01,SKU008,DC04,288,288
CNT001857,2025-08-01,SKU009,DC01,161,161
CNT001858,2025-08-01,SKU009,DC02,519,517
CNT001859,2025-08-01,SKU009,DC03,268,268
CNT001860,2025-08-01,SKU009,DC04,72,72
CNT001861,2025-08-01,SKU010,DC01,0,0
CNT001862,2025-08-01,SKU010,DC02,128,128
CNT001863,2025-08-01,SKU010,DC03,15,15
CNT001864,2025-08-01,SKU010,DC04,0,0
CNT001865,2025-08-01,SKU011,DC01,76,77
CNT001866,2025-08-01,SKU011,DC02,0,0
CNT001867,2025-08-01,SKU011,DC03,217,217
CNT001868,2025-08-01,SKU011,DC04,85,84
CNT001869,2025-08-01,SKU012,DC01,858,856
CNT001870,2025-08-01,SKU012,DC02,249,251
CNT001871,2025-08-01,SKU012,DC03,640,638
CNT001872,2025-08-01,SKU012,DC04,668,667
CNT001873,2025-08-01,SKU013,DC01,0,0
CNT001874,2025-08-01,SKU013,DC02,28,28
CNT001875,2025-08-01,SKU013,DC03,0,0
CNT001876,2025-08-01,SKU013,DC04,25,23
CNT001877,2025-08-01,SKU014,DC01,82,82
CNT001878,2025-08-01,SKU014,DC02,75,74
CNT001879,2025-08-01,SKU014,DC03,72,74
CNT001880,2025-08-01,SKU014,DC04,70,71
CNT001881,2025-08-01,SKU015,DC01,740,741
CNT001882,2025-08-01,SKU015,DC02,392,392
CNT001883,2025-08-01,SKU015,DC03,599,601
CNT001884,2025-08-01,SKU015,DC04,977,979
CNT001885,2025-08-01,SKU016,DC01,103,103
CNT001886,2025-08-01,SKU016,DC02,45,45
CNT001887,2025-08-01,SKU016,DC03,0,0
CNT001888,2025-08-01,SKU016,DC04,27,27
CNT001889,2025-08-01,SKU017,DC01,0,1
CNT001890,2025-08-01,SKU017,DC02,12,12
CNT001891,2025-08-01,SKU017,DC03,0,0
CNT001892,2025-08-01,SKU017,DC04,5,3
CNT001893,2025-08-01,SKU018,DC01,55,55
CNT001894,2025-08-01,SKU018,DC02,111,111
CNT001895,2025-08-01,SKU018,DC03,164,163
CNT001896,2025-08-01,SKU018,DC04,86,88
CNT001897,2025-08-01,SKU019,DC01,0,0
CNT001898,2025-08-01,SKU019,DC02,109,108
CNT001899,2025-08-01,SKU019,DC03,143,145
CNT001900,2025-08-01,SKU019,DC04,0,0
CNT001901,2025-08-01,SKU020,DC01,39,41
CNT001902,2025-08-01,SKU020,DC02,51,51
CNT001903,2025-08-01,SKU020,DC03,10,11
CNT001904,2025-08-01,SKU020,DC04,197,195
CNT001905,2025-08-01,SKU021,DC01,227,226
CNT001906,2025-08-01,SKU021,DC02,607,607
CNT001907,2025-08-01,SKU021,DC03,397,399
CNT001908,2025-08-01,SKU021,DC04,99,99
CNT001909,2025-08-01,SKU022,DC01,0,0
CNT001910,2025-08-01,SKU022,DC02,0,0
CNT001911,2025-08-01,SKU022,DC03,0,1
CNT001912,2025-08-01,SKU022,DC04,50,50
CNT001913,2025-08-01,SKU023,DC01,0,0
CNT001914,2025-08-01,SKU023,DC02,331,331
CNT001915,2025-08-01,SKU023,DC03,29,29
CNT001916,2025-08-01,SKU023,DC04,29,29
CNT001917,2025-08-01,SKU024,DC01,331,329
CNT001918,2025-08-01,SKU024,DC02,318,319
CNT001919,2025-08-01,SKU024,DC03,287,289
CNT001920,2025-08-01,SKU024,DC04,2,4
CNT001921,2025-09-01,SKU001,DC01,710,710
CNT001922,2025-09-01,SKU001,DC02,462,463
CNT001923,2025-09-01,SKU001,DC03,821,823
CNT001924,2025-09-01,SKU001,DC04,1184,1183
CNT001925,2025-09-01,SKU002,DC01,639,637
CNT001926,2025-09-01,SKU002,DC02,444,442
CNT001927,2025-09-01,SKU002,DC03,897,895
CNT001928,2025-09-01,SKU002,DC04,518,518
CNT001929,2025-09-01,SKU003,DC01,21,21
CNT001930,2025-09-01,SKU003,DC02,0,0
CNT001931,2025-09-01,SKU003,DC03,108,108
CNT001932,2025-09-01,SKU003,DC04,200,200
CNT001933,2025-09-01,SKU004,DC01,19,19
CNT001934,2025-09-01,SKU004,DC02,42,42
CNT001935,2025-09-01,SKU004,DC03,0,0
CNT001936,2025-09-01,SKU004,DC04,15,14
CNT001937,2025-09-01,SKU005,DC01,0,0
CNT001938,2025-09-01,SKU005,DC02,0,2
CNT001939,2025-09-01,SKU005,DC03,31,33
CNT001940,2025-09-01,SKU005,DC04,196,197
CNT001941,2025-09-01,SKU006,DC01,95,94
CNT001942,2025-09-01,SKU006,DC02,0,1
CNT001943,2025-09-01,SKU006,DC03,109,108
CNT001944,2025-09-01,SKU006,DC04,45,47
CNT001945,2025-09-01,SKU007,DC01,1357,1357
CNT001946,2025-09-01,SKU007,DC02,611,612
CNT001947,2025-09-01,SKU007,DC03,1102,1102
CNT001948,2025-09-01,SKU007,DC04,729,729
CNT001949,2025-09-01,SKU008,DC01,677,677
CNT001950,2025-09-01,SKU008,DC02,53,52
CNT001951,2025-09-01,SKU008,DC03,400,398
CNT001952,2025-09-01,SKU008,DC04,252,254
CNT001953,2025-09-01,SKU009,DC01,286,286
CNT001954,2025-09-01,SKU009,DC02,476,478
CNT001955,2025-09-01,SKU009,DC03,296,296
CNT001956,2025-09-01,SKU009,DC04,86,84
CNT001957,2025-09-01,SKU010,DC01,28,27
CNT001958,2025-09-01,SKU010,DC02,114,112
CNT001959,2025-09-01,SKU010,DC03,0,0
CNT001960,2025-09-01,SKU010,DC04,0,2
CNT001961,2025-09-01,SKU011,DC01,4,4
CNT001962,2025-09-01,SKU011,DC02,0,0
CNT001963,2025-09-01,SKU011,DC03,185,185
CNT001964,2025-09-01,SKU011,DC04,16,17
CNT001965,2025-09-01,SKU012,DC01,922,922
CNT001966,2025-09-01,SKU012,DC02,230,229
CNT001967,2025-09-01,SKU012,DC03,753,753
CNT001968,2025-09-01,SKU012,DC04,736,737
CNT001969,2025-09-01,SKU013,DC01,0,0
CNT001970,2025-09-01,SKU013,DC02,0,0
CNT001971,2025-09-01,SKU013,DC03,0,0
CNT001972,2025-09-01,SKU013,DC04,53,53
CNT001973,2025-09-01,SKU014,DC01,12,12
CNT001974,2025-09-01,SKU014,DC02,0,2
CNT001975,2025-09-01,SKU014,DC03,33,33
CNT001976,2025-09-01,SKU014,DC04,118,118
CNT001977,2025-09-01,SKU015,DC01,729,728
CNT001978,2025-09-01,SKU015,DC02,378,380
CNT001979,2025-09-01,SKU015,DC03,635,633
CNT001980,2025-09-01,SKU015,DC04,965,963
CNT001981,2025-09-01,SKU016,DC01,110,112
CNT001982,2025-09-01,SKU016,DC02,18,17
CNT001983,2025-09-01,SKU016,DC03,0,0
CNT001984,2025-09-01,SKU016,DC04,57,56
CNT001985,2025-09-01,SKU017,DC01,0,0
CNT001986,2025-09-01,SKU017,DC02,63,62
CNT001987,2025-09-01,SKU017,DC03,0,0
CNT001988,2025-09-01,SKU017,DC04,0,0
CNT001989,2025-09-01,SKU018,DC01,14,15
CNT001990,2025-09-01,SKU018,DC02,122,123
CNT001991,2025-09-01,SKU018,DC03,194,194
CNT001992,2025-09-01,SKU018,DC04,262,262
CNT001993,2025-09-01,SKU019,DC01,33,34
CNT001994,2025-09-01,SKU019,DC02,41,41
CNT001995,2025-09-01,SKU019,DC03,174,174
CNT001996,2025-09-01,SKU019,DC04,22,22
CNT001997,2025-09-01,SKU020,DC01,38,38
CNT001998,2025-09-01,SKU020,DC02,0,0
CNT001999,2025-09-01,SKU020,DC03,0,0
CNT002000,2025-09-01,SKU020,DC04,202,201
CNT002001,2025-09-01,SKU021,DC01,231,233
CNT002002,2025-09-01,SKU021,DC02,648,648
CNT002003,2025-09-01,SKU021,DC03,361,360
CNT002004,2025-09-01,SKU021,DC04,71,71
CNT002005,2025-09-01,SKU022,DC01,29,30
CNT002006,2025-09-01,SKU022,DC02,0,0
CNT002007,2025-09-01,SKU022,DC03,30,29
CNT002008,2025-09-01,SKU022,DC04,74,75
CNT002009,2025-09-01,SKU023,DC01,57,57
CNT002010,2025-09-01,SKU023,DC02,318,319
CNT002011,2025-09-01,SKU023,DC03,66,64
CNT002012,2025-09-01,SKU023,DC04,52,50
CNT002013,2025-09-01,SKU024,DC01,283,281
CNT002014,2025-09-01,SKU024,DC02,318,318
CNT002015,2025-09-01,SKU024,DC03,318,320
CNT002016,2025-09-01,SKU024,DC04,31,30
CNT002017,2025-10-01,SKU001,DC01,724,724
CNT002018,2025-10-01,SKU001,DC02,469,470
CNT002019,2025-10-01,SKU001,DC03,807,805
CNT002020,2025-10-01,SKU001,DC04,1224,1225
CNT002021,2025-10-01,SKU002,DC01,656,654
CNT002022,2025-10-01,SKU002,DC02,424,422
CNT002023,2025-10-01,SKU002,DC03,969,968
CNT002024,2025-10-01,SKU002,DC04,579,577
CNT002025,2025-10-01,SKU003,DC01,0,0
CNT002026,2025-10-01,SKU003,DC02,83,81
CNT002027,2025-10-01,SKU003,DC03,101,99
CNT002028,2025-10-01,SKU003,DC04,200,200
CNT002029,2025-10-01,SKU004,DC01,114,115
CNT002030,2025-10-01,SKU004,DC02,0,0
CNT002031,2025-10-01,SKU004,DC03,23,21
CNT002032,2025-10-01,SKU004,DC04,79,80
CNT002033,2025-10-01,SKU005,DC01,0,0
CNT002034,2025-10-01,SKU005,DC02,53,51
CNT002035,2025-10-01,SKU005,DC03,170,170
CNT002036,2025-10-01,SKU005,DC04,137,138
CNT002037,2025-10-01,SKU006,DC01,15,13
CNT002038,2025-10-01,SKU006,DC02,27,25
CNT002039,2025-10-01,SKU006,DC03,18,20
CNT002040,2025-10-01,SKU006,DC04,0,0
CNT002041,2025-10-01,SKU007,DC01,1397,1395
CNT002042,2025-10-01,SKU007,DC02,673,671
CNT002043,2025-10-01,SKU007,DC03,1133,1131
CNT002044,2025-10-01,SKU007,DC04,727,727
CNT002045,2025-10-01,SKU008,DC01,688,688
CNT002046,2025-10-01,SKU008,DC02,20,20
CNT002047,2025-10-01,SKU008,DC03,450,450
CNT002048,2025-10-01,SKU008,DC04,349,348
CNT002049,2025-10-01,SKU009,DC01,332,333
CNT002050,2025-10-01,SKU009,DC02,431,432
CNT002051,2025-10-01,SKU009,DC03,288,290
CNT002052,2025-10-01,SKU009,DC04,63,62
CNT002053,2025-10-01,SKU010,DC01,56,57
CNT002054,2025-10-01,SKU010,DC02,42,42
CNT002055,2025-10-01,SKU010,DC03,63,64
CNT002056,2025-10-01,SKU010,DC04,75,77
CNT002057,2025-10-01,SKU011,DC01,0,0
CNT002058,2025-10-01,SKU011,DC02,82,83
CNT002059,2025-10-01,SKU011,DC03,318,318
CNT002060,2025-10-01,SKU011,DC04,53,53
CNT002061,2025-10-01,SKU012,DC01,981,980
CNT002062,2025-10-01,SKU012,DC02,260,259
CNT002063,2025-10-01,SKU012,DC03,871,869
CNT002064,2025-10-01,SKU012,DC04,768,768
CNT002065,2025-10-01,SKU013,DC01,0,0
CNT002066,2025-10-01,SKU013,DC02,48,49
CNT002067,2025-10-01,SKU013,DC03,0,0
CNT002068,2025-10-01,SKU013,DC04,20,20
CNT002069,2025-10-01,SKU014,DC01,41,41
CNT002070,2025-10-01,SKU014,DC02,13,12
CNT002071,2025-10-01,SKU014,DC03,92,94
CNT002072,2025-10-01,SKU014,DC04,51,51
CNT002073,2025-10-01,SKU015,DC01,795,793
CNT002074,2025-10-01,SKU015,DC02,406,408
CNT002075,2025-10-01,SKU015,DC03,697,698
CNT002076,2025-10-01,SKU015,DC04,1106,1106
CNT002077,2025-10-01,SKU016,DC01,123,122
CNT002078,2025-10-01,SKU016,DC02,0,0
CNT002079,2025-10-01,SKU016,DC03,0,0
CNT002080,2025-10-01,SKU016,DC04,28,28
CNT002081,2025-10-01,SKU017,DC01,9,8
CNT002082,2025-10-01,SKU017,DC02,99,101
CNT002083,2025-10-01,SKU017,DC03,0,0
CNT002084,2025-10-01,SKU017,DC04,57,56
CNT002085,2025-10-01,SKU018,DC01,12,12
CNT002086,2025-10-01,SKU018,DC02,73,75
CNT002087,2025-10-01,SKU018,DC03,184,186
CNT002088,2025-10-01,SKU018,DC04,227,227
CNT002089,2025-10-01,SKU019,DC01,32,30
CNT002090,2025-10-01,SKU019,DC02,37,37
CNT002091,2025-10-01,SKU019,DC03,150,149
CNT002092,2025-10-01,SKU019,DC04,0,0
CNT002093,2025-10-01,SKU020,DC01,0,0
CNT002094,2025-10-01,SKU020,DC02,0,1
CNT002095,2025-10-01,SKU020,DC03,97,97
CNT002096,2025-10-01,SKU020,DC04,195,194
CNT002097,2025-10-01,SKU021,DC01,250,250
CNT002098,2025-10-01,SKU021,DC02,676,678
CNT002099,2025-10-01,SKU021,DC03,325,324
CNT002100,2025-10-01,SKU021,DC04,41,42
CNT002101,2025-10-01,SKU022,DC01,0,0
CNT002102,2025-10-01,SKU022,DC02,39,39
CNT002103,2025-10-01,SKU022,DC03,0,0
CNT002104,2025-10-01,SKU022,DC04,23,23
CNT002105,2025-10-01,SKU023,DC01,190,190
CNT002106,2025-10-01,SKU023,DC02,342,342
CNT002107,2025-10-01,SKU023,DC03,73,73
CNT002108,2025-10-01,SKU023,DC04,57,58
CNT002109,2025-10-01,SKU024,DC01,244,244
CNT002110,2025-10-01,SKU024,DC02,280,278
CNT002111,2025-10-01,SKU024,DC03,296,294
CNT002112,2025-10-01,SKU024,DC04,47,49
CNT002113,2025-11-01,SKU001,DC01,789,787
CNT002114,2025-11-01,SKU001,DC02,495,496
CNT002115,2025-11-01,SKU001,DC03,800,800
CNT002116,2025-11-01,SKU001,DC04,1248,1247
CNT002117,2025-11-01,SKU002,DC01,677,679
CNT002118,2025-11-01,SKU002,DC02,396,396
CNT002119,2025-11-01,SKU002,DC03,1058,1057
CNT002120,2025-11-01,SKU002,DC04,561,561
CNT002121,2025-11-01,SKU003,DC01,18,20
CNT002122,2025-11-01,SKU003,DC02,23,21
CNT002123,2025-11-01,SKU003,DC03,46,46
CNT002124,2025-11-01,SKU003,DC04,161,161
CNT002125,2025-11-01,SKU004,DC01,70,70
CNT002126,2025-11-01,SKU004,DC02,75,75
CNT002127,2025-11-01,SKU004,DC03,84,82
CNT002128,2025-11-01,SKU004,DC04,52,52
CNT002129,2025-11-01,SKU005,DC01,39,40
CNT002130,2025-11-01,SKU005,DC02,26,26
CNT002131,2025-11-01,SKU005,DC03,82,80
CNT002132,2025-11-01,SKU005,DC04,96,95
CNT002133,2025-11-01,SKU006,DC01,12,14
CNT002134,2025-11-01,SKU006,DC02,0,2
CNT002135,2025-11-01,SKU006,DC03,0,0
CNT002136,2025-11-01,SKU006,DC04,29,28
CNT002137,2025-11-01,SKU007,DC01,1462,1464
CNT002138,2025-11-01,SKU007,DC02,716,718
CNT002139,2025-11-01,SKU007,DC03,1131,1129
CNT002140,2025-11-01,SKU007,DC04,804,805
CNT002141,2025-11-01,SKU008,DC01,711,709
CNT002142,2025-11-01,SKU008,DC02,58,60
CNT002143,2025-11-01,SKU008,DC03,451,452
CNT002144,2025-11-01,SKU008,DC04,343,343
CNT002145,2025-11-01,SKU009,DC01,420,420
CNT002146,2025-11-01,SKU009,DC02,465,465
CNT002147,2025-11-01,SKU009,DC03,236,235
CNT002148,2025-11-01,SKU009,DC04,16,16
CNT002149,2025-11-01,SKU010,DC01,115,115
CNT002150,2025-11-01,SKU010,DC02,0,0
CNT002151,2025-11-01,SKU010,DC03,0,1
CNT002152,2025-11-01,SKU010,DC04,0,0
CNT002153,2025-11-01,SKU011,DC01,0,0
CNT002154,2025-11-01,SKU011,DC02,72,72
CNT002155,2025-11-01,SKU011,DC03,254,254
CNT002156,2025-11-01,SKU011,DC04,0,0
CNT002157,2025-11-01,SKU012,DC01,965,967
CNT002158,2025-11-01,SKU012,DC02,248,249
CNT002159,2025-11-01,SKU012,DC03,891,891
CNT002160,2025-11-01,SKU012,DC04,769,769
CNT002161,2025-11-01,SKU013,DC01,0,0
CNT002162,2025-11-01,SKU013,DC02,33,31
CNT002163,2025-11-01,SKU013,DC03,0,1
CNT002164,2025-11-01,SKU013,DC04,37,39
CNT002165,2025-11-01,SKU014,DC01,0,1
CNT002166,2025-11-01,SKU014,DC02,0,0
CNT002167,2025-11-01,SKU014,DC03,15,15
CNT002168,2025-11-01,SKU014,DC04,0,1
CNT002169,2025-11-01,SKU015,DC01,790,789
CNT002170,2025-11-01,SKU015,DC02,466,466
CNT002171,2025-11-01,SKU015,DC03,793,792
CNT002172,2025-11-01,SKU015,DC04,1097,1097
CNT002173,2025-11-01,SKU016,DC01,141,141
CNT002174,2025-11-01,SKU016,DC02,51,51
CNT002175,2025-11-01,SKU016,DC03,0,0
CNT002176,2025-11-01,SKU016,DC04,19,18
CNT002177,2025-11-01,SKU017,DC01,30,30
CNT002178,2025-11-01,SKU017,DC02,100,100
CNT002179,2025-11-01,SKU017,DC03,0,0
CNT002180,2025-11-01,SKU017,DC04,0,0
CNT002181,2025-11-01,SKU018,DC01,68,68
CNT002182,2025-11-01,SKU018,DC02,126,128
CNT002183,2025-11-01,SKU018,DC03,185,185
CNT002184,2025-11-01,SKU018,DC04,226,226
CNT002185,2025-11-01,SKU019,DC01,0,1
CNT002186,2025-11-01,SKU019,DC02,100,102
CNT002187,2025-11-01,SKU019,DC03,77,79
CNT002188,2025-11-01,SKU019,DC04,0,0
CNT002189,2025-11-01,SKU020,DC01,0,2
CNT002190,2025-11-01,SKU020,DC02,0,1
CNT002191,2025-11-01,SKU020,DC03,90,90
CNT002192,2025-11-01,SKU020,DC04,137,137
CNT002193,2025-11-01,SKU021,DC01,210,210
CNT002194,2025-11-01,SKU021,DC02,716,718
CNT002195,2025-11-01,SKU021,DC03,293,295
CNT002196,2025-11-01,SKU021,DC04,137,137
CNT002197,2025-11-01,SKU022,DC01,0,0
CNT002198,2025-11-01,SKU022,DC02,59,59
CNT002199,2025-11-01,SKU022,DC03,46,45
CNT002200,2025-11-01,SKU022,DC04,0,0
CNT002201,2025-11-01,SKU023,DC01,161,161
CNT002202,2025-11-01,SKU023,DC02,402,402
CNT002203,2025-11-01,SKU023,DC03,68,68
CNT002204,2025-11-01,SKU023,DC04,9,9
CNT002205,2025-11-01,SKU024,DC01,225,227
CNT002206,2025-11-01,SKU024,DC02,231,233
CNT002207,2025-11-01,SKU024,DC03,252,252
CNT002208,2025-11-01,SKU024,DC04,83,83
CNT002209,2025-12-01,SKU001,DC01,846,846
CNT002210,2025-12-01,SKU001,DC02,540,540
CNT002211,2025-12-01,SKU001,DC03,845,845
CNT002212,2025-12-01,SKU001,DC04,1294,1294
CNT002213,2025-12-01,SKU002,DC01,677,677
CNT002214,2025-12-01,SKU002,DC02,385,384
CNT002215,2025-12-01,SKU002,DC03,1097,1097
CNT002216,2025-12-01,SKU002,DC04,583,584
CNT002217,2025-12-01,SKU003,DC01,65,65
CNT002218,2025-12-01,SKU003,DC02,0,0
CNT002219,2025-12-01,SKU003,DC03,125,126
CNT002220,2025-12-01,SKU003,DC04,170,170
CNT002221,2025-12-01,SKU004,DC01,56,57
CNT002222,2025-12-01,SKU004,DC02,10,10
CNT002223,2025-12-01,SKU004,DC03,20,20
CNT002224,2025-12-01,SKU004,DC04,0,0
CNT002225,2025-12-01,SKU005,DC01,0,0
CNT002226,2025-12-01,SKU005,DC02,128,129
CNT002227,2025-12-01,SKU005,DC03,0,0
CNT002228,2025-12-01,SKU005,DC04,15,13
CNT002229,2025-12-01,SKU006,DC01,0,0
CNT002230,2025-12-01,SKU006,DC02,0,1
CNT002231,2025-12-01,SKU006,DC03,0,0
CNT002232,2025-12-01,SKU006,DC04,18,18
CNT002233,2025-12-01,SKU007,DC01,1530,1530
CNT002234,2025-12-01,SKU007,DC02,827,827
CNT002235,2025-12-01,SKU007,DC03,1170,1171
CNT002236,2025-12-01,SKU007,DC04,864,865
CNT002237,2025-12-01,SKU008,DC01,746,744
CNT002238,2025-12-01,SKU008,DC02,18,18
CNT002239,2025-12-01,SKU008,DC03,414,414
CNT002240,2025-12-01,SKU008,DC04,309,308
CNT002241,2025-12-01,SKU009,DC01,432,434
CNT002242,2025-12-01,SKU009,DC02,497,495
CNT002243,2025-12-01,SKU009,DC03,207,208
CNT002244,2025-12-01,SKU009,DC04,49,47
CNT002245,2025-12-01,SKU010,DC01,153,152
CNT002246,2025-12-01,SKU010,DC02,0,0
CNT002247,2025-12-01,SKU010,DC03,0,0
CNT002248,2025-12-01,SKU010,DC04,21,23
CNT002249,2025-12-01,SKU011,DC01,6,6
CNT002250,2025-12-01,SKU011,DC02,36,34
CNT002251,2025-12-01,SKU011,DC03,269,268
CNT002252,2025-12-01,SKU011,DC04,0,0
CNT002253,2025-12-01,SKU012,DC01,947,947
CNT002254,2025-12-01,SKU012,DC02,394,394
CNT002255,2025-12-01,SKU012,DC03,868,868
CNT002256,2025-12-01,SKU012,DC04,754,754
CNT002257,2025-12-01,SKU013,DC01,36,38
CNT002258,2025-12-01,SKU013,DC02,0,0
CNT002259,2025-12-01,SKU013,DC03,0,2
CNT002260,2025-12-01,SKU013,DC04,42,44
CNT002261,2025-12-01,SKU014,DC01,0,0
CNT002262,2025-12-01,SKU014,DC02,76,76
CNT002263,2025-12-01,SKU014,DC03,0,0
CNT002264,2025-12-01,SKU014,DC04,0,0
CNT002265,2025-12-01,SKU015,DC01,832,834
CNT002266,2025-12-01,SKU015,DC02,511,510
CNT002267,2025-12-01,SKU015,DC03,1006,1005
CNT002268,2025-12-01,SKU015,DC04,1087,1089
CNT002269,2025-12-01,SKU016,DC01,56,56
CNT002270,2025-12-01,SKU016,DC02,113,115
CNT002271,2025-12-01,SKU016,DC03,0,0
CNT002272,2025-12-01,SKU016,DC04,0,1
CNT002273,2025-12-01,SKU017,DC01,0,0
CNT002274,2025-12-01,SKU017,DC02,27,28
CNT002275,2025-12-01,SKU017,DC03,27,27
CNT002276,2025-12-01,SKU017,DC04,44,43
CNT002277,2025-12-01,SKU018,DC01,105,105
CNT002278,2025-12-01,SKU018,DC02,75,75
CNT002279,2025-12-01,SKU018,DC03,258,258
CNT002280,2025-12-01,SKU018,DC04,250,250
CNT002281,2025-12-01,SKU019,DC01,52,52
CNT002282,2025-12-01,SKU019,DC02,37,37
CNT002283,2025-12-01,SKU019,DC03,28,27
CNT002284,2025-12-01,SKU019,DC04,67,69
CNT002285,2025-12-01,SKU020,DC01,94,94
CNT002286,2025-12-01,SKU020,DC02,0,0
CNT002287,2025-12-01,SKU020,DC03,36,36
CNT002288,2025-12-01,SKU020,DC04,89,90
CNT002289,2025-12-01,SKU021,DC01,176,178
CNT002290,2025-12-01,SKU021,DC02,727,727
CNT002291,2025-12-01,SKU021,DC03,287,287
CNT002292,2025-12-01,SKU021,DC04,125,125
CNT002293,2025-12-01,SKU022,DC01,0,0
CNT002294,2025-12-01,SKU022,DC02,17,18
CNT002295,2025-12-01,SKU022,DC03,0,0
CNT002296,2025-12-01,SKU022,DC04,58,56
CNT002297,2025-12-01,SKU023,DC01,105,105
CNT002298,2025-12-01,SKU023,DC02,453,454
CNT002299,2025-12-01,SKU023,DC03,41,43
CNT002300,2025-12-01,SKU023,DC04,0,0
CNT002301,2025-12-01,SKU024,DC01,253,253
CNT002302,2025-12-01,SKU024,DC02,216,216
CNT002303,2025-12-01,SKU024,DC03,216,217
CNT002304,2025-12-01,SKU024,DC04,333,333
